"Site","Date","Campaign","Network.Role","NPOC..mg.C.L.","NO3..mg.N.L.","NH4..ug.N.L.","TDN..mg.N.L.","PO4..ug.P.L.","Cl..mg.Cl.L.","SO4..mg.S.L.","Na..mg.Na.L.","K..mg.K.L.","Mg..mg.Mg.L.","Ca..mg.Ca.L.","Q","TSS_mg_L","AFDM_mg_L","Area.m2","elevation_point_m","mean_elevation_m","mean_slope_deg","mean_aspect_deg","mean_precip_mm","npoc_mass","no3_mass","nh4_mass","tdn_mass","po4_mass","cl_mass","so4_mass","na_mass","k_mass","mg_mass","ca_mass","tss_mass","afdm_mass","location"
"USF03",2023-05-30,1,"mainstem",4.58,0.245,5.905,0.455,2.03,1.735,0.81,1.66,0.495,0.865,3.085,NA,NA,NA,28885655,2502.49096679688,3072.03630740161,23.2148992346512,186.345643527957,815.08309173584,NA,NA,NA,NA,NA,NA,NA,NA,NA,NA,NA,NA,NA,"Lower"
"USF04",2023-05-31,1,"tributary",8.93,0.01,8.28,0.23,10.49,3.16,3.19,5.44,1.16,4.61,9.44,NA,NA,NA,1855105,2573.9287109375,2830.5148714563,24.6824324324324,146.962058212058,712.785003662109,NA,NA,NA,NA,NA,NA,NA,NA,NA,NA,NA,NA,NA,"Lower"
"USF05",2023-05-31,1,"mainstem",4.33,0.26,6.555,0.39,2.225,1.745,0.81,1.625,0.475,0.835,3.035,NA,NA,NA,25453951,2573.51733398438,3121.35208079035,23.0122866894198,187.317709518392,839.510688781738,NA,NA,NA,NA,NA,NA,NA,NA,NA,NA,NA,NA,NA,"Lower"
"USF07",2023-06-01,1,"tributary",5.35,0.81,2,1.01,2.72,2.36,1.95,3.39,0.87,1.83,4.59,NA,NA,NA,2296412,2663.60424804688,3042.24856083357,24.6568544995795,141.834735071489,772.661750793457,NA,NA,NA,NA,NA,NA,NA,NA,NA,NA,NA,NA,NA,"Lower"
"USF09",2023-06-12,2,"tributary",3.14,0.62,4.83,0.74,4.52,1.78,0.96,2.45,0.62,1.06,3.22,NA,NA,NA,1941988,2945.677734375,3246.68948662766,20.2136115250869,132.722801788376,875.391186523437,NA,NA,NA,NA,NA,NA,NA,NA,NA,NA,NA,NA,NA,"Upper"
"USF10",2023-06-12,2,"mainstem",4.5,0.09,9.15,0.21,1.73,1.585,0.585,1.26,0.4,0.685,2.745,NA,NA,NA,6404955,2896.12939453125,3385.07376549216,21.232056694813,188.577653799759,938.930500030518,NA,NA,NA,NA,NA,NA,NA,NA,NA,NA,NA,NA,NA,"Upper"
"USF11",2023-06-12,2,"tributary",1.84,0.26,5.47,0.36,3.72,1.77,0.95,1.84,0.45,0.86,3.8,NA,NA,NA,5003890,2828.42114257812,3199.56170539918,22.8216216216216,220.928185328185,878.860406494141,NA,NA,NA,NA,NA,NA,NA,NA,NA,NA,NA,NA,NA,"Upper"
"USF03",2023-06-13,2,"mainstem",3.99,0.225,2,0.37,3.325,1.775,0.835,1.84,0.47,0.96,3.425,NA,NA,NA,28885655,2502.49096679688,3072.03630740161,23.2148992346512,186.345643527957,815.08309173584,NA,NA,NA,NA,NA,NA,NA,NA,NA,NA,NA,NA,NA,"Lower"
"USF04",2023-06-13,2,"tributary",8.04,0.01,2,0.2,9.3,3.12,3.3,5.64,1.19,4.91,10.05,NA,NA,NA,1855105,2573.9287109375,2830.5148714563,24.6824324324324,146.962058212058,712.785003662109,NA,NA,NA,NA,NA,NA,NA,NA,NA,NA,NA,NA,NA,"Lower"
"USF05",2023-06-13,2,"mainstem",3.93,0.19,2,0.31,2.625,1.88,0.74,1.565,0.415,0.85,3.13,NA,NA,NA,25453951,2573.51733398438,3121.35208079035,23.0122866894198,187.317709518392,839.510688781738,NA,NA,NA,NA,NA,NA,NA,NA,NA,NA,NA,NA,NA,"Lower"
"USF07",2023-06-13,2,"tributary",4.59,0.85,NA,1.04,2.72,2.68,1.87,3.41,0.85,1.81,4.76,NA,NA,NA,2296412,2663.60424804688,3042.24856083357,24.6568544995795,141.834735071489,772.661750793457,NA,NA,NA,NA,NA,NA,NA,NA,NA,NA,NA,NA,NA,"Lower"
"USF12",2023-06-13,2,"mainstem/outlet",4.21,0.22,2,0.35,2.225,1.75,0.855,1.835,0.47,1.015,3.465,637.128,NA,NA,35878093,2411.90844726562,2988.33347345201,23.7142546245919,194.043960826986,779.146704673767,2682.30888,140.16816,1.274256,222.9948,1.4176098,1114.974,544.74444,1169.12988,299.45016,646.68492,2207.64852,NA,NA,"Lower"
"USF03",2023-07-12,3,"mainstem",NA,0.21,NA,NA,3.12,2.06,0.89,2.12,0.525,1.225,4.315,NA,NA,NA,28885655,2502.49096679688,3072.03630740161,23.2148992346512,186.345643527957,815.08309173584,NA,NA,NA,NA,NA,NA,NA,NA,NA,NA,NA,NA,NA,"Lower"
"USF04",2023-07-12,3,"tributary",NA,0.01,NA,NA,11.49,3.62,3.36,6.85,1.41,6.63,13.12,NA,NA,NA,1855105,2573.9287109375,2830.5148714563,24.6824324324324,146.962058212058,712.785003662109,NA,NA,NA,NA,NA,NA,NA,NA,NA,NA,NA,NA,NA,"Lower"
"USF05",2023-07-12,3,"mainstem",NA,0.22,NA,NA,3.22,2.055,0.905,2.07,0.5,1.175,4.205,NA,NA,NA,25453951,2573.51733398438,3121.35208079035,23.0122866894198,187.317709518392,839.510688781738,NA,NA,NA,NA,NA,NA,NA,NA,NA,NA,NA,NA,NA,"Lower"
"USF07",2023-07-12,3,"tributary",NA,0.55,NA,NA,3.52,2.59,1.88,3.67,0.87,2.04,5.35,NA,NA,NA,2296412,2663.60424804688,3042.24856083357,24.6568544995795,141.834735071489,772.661750793457,NA,NA,NA,NA,NA,NA,NA,NA,NA,NA,NA,NA,NA,"Lower"
"USF12",2023-07-12,3,"mainstem/outlet",NA,0.18,NA,NA,4.915,2.15,0.92,2.215,0.54,1.32,4.445,107.60384,NA,NA,35878093,2411.90844726562,2988.33347345201,23.7142546245919,194.043960826986,779.146704673767,NA,19.3686912,NA,NA,0.5288728736,231.348256,98.9955328,238.3425056,58.1060736,142.0370688,478.2990688,NA,NA,"Lower"
"USF09",2023-07-13,3,"tributary",NA,0.45,NA,NA,5.91,2.14,0.88,2.62,0.52,1.2,3.72,NA,NA,NA,1941988,2945.677734375,3246.68948662766,20.2136115250869,132.722801788376,875.391186523437,NA,NA,NA,NA,NA,NA,NA,NA,NA,NA,NA,NA,NA,"Upper"
"USF10",2023-07-13,3,"mainstem",NA,0.14,NA,NA,3.32,1.915,0.665,1.53,0.405,0.985,3.57,NA,NA,NA,6404955,2896.12939453125,3385.07376549216,21.232056694813,188.577653799759,938.930500030518,NA,NA,NA,NA,NA,NA,NA,NA,NA,NA,NA,NA,NA,"Upper"
"USF11",2023-07-13,3,"tributary",NA,0.21,NA,NA,2.92,2.22,1.16,2.43,0.49,1.19,4.94,NA,NA,NA,5003890,2828.42114257812,3199.56170539918,22.8216216216216,220.928185328185,878.860406494141,NA,NA,NA,NA,NA,NA,NA,NA,NA,NA,NA,NA,NA,"Upper"
"USF03",2023-08-02,4,"mainstem",2.39,0.23,NA,0.33,4.12,2.09,0.96,2.23,0.545,1.305,4.505,NA,NA,NA,28885655,2502.49096679688,3072.03630740161,23.2148992346512,186.345643527957,815.08309173584,NA,NA,NA,NA,NA,NA,NA,NA,NA,NA,NA,NA,NA,"Lower"
"USF05",2023-08-02,4,"mainstem",2.17,0.24,NA,0.36,3.82,2.085,0.945,2.265,0.535,1.3,4.56,NA,NA,NA,25453951,2573.51733398438,3121.35208079035,23.0122866894198,187.317709518392,839.510688781738,NA,NA,NA,NA,NA,NA,NA,NA,NA,NA,NA,NA,NA,"Lower"
"USF07",2023-08-02,4,"tributary",4.39,0.48,NA,0.71,6.11,1.84,1.88,3.82,0.85,2.05,5.29,NA,NA,NA,2296412,2663.60424804688,3042.24856083357,24.6568544995795,141.834735071489,772.661750793457,NA,NA,NA,NA,NA,NA,NA,NA,NA,NA,NA,NA,NA,"Lower"
"USF12",2023-08-02,4,"mainstem/outlet",2.51,0.17,NA,0.3,3.72,2.11,0.925,2.345,0.585,1.425,4.7,52.669248,NA,NA,35878093,2411.90844726562,2988.33347345201,23.7142546245919,194.043960826986,779.146704673767,132.19981248,8.95377216,NA,15.8007744,0.19592960256,111.13211328,48.7190544,123.50938656,30.81151008,75.0536784,247.5454656,NA,NA,"Lower"
"USF13",2023-08-03,4,"tributary",3.06,0.03,NA,0.16,2.13,0.92,0.44,1.03,0.27,0.67,2.19,NA,NA,NA,756190.5,3346.15185546875,3508.61338541349,21.2959183673469,124.625,1007.70300292969,NA,NA,NA,NA,NA,NA,NA,NA,NA,NA,NA,NA,NA,"Upper"
"USF14",2023-08-03,4,"mainstem",2.56,0.06,NA,0.29,3.82,0.965,0.475,1.25,0.245,0.64,3.045,NA,NA,NA,2026488,3312.0263671875,3542.68702324341,20.1442857142857,214.863333333333,1013.8125,NA,NA,NA,NA,NA,NA,NA,NA,NA,NA,NA,NA,NA,"Upper"
"USF15",2023-08-03,4,"mainstem",2.15,0.03,NA,0.18,2.425,0.86,0.3,1.02,0.18,0.445,2.655,NA,NA,NA,848920.2,3397.44995117188,3583.19656563842,22.3943181818182,175.984090909091,1022.59750366211,NA,NA,NA,NA,NA,NA,NA,NA,NA,NA,NA,NA,NA,"Upper"
"USF16",2023-08-03,4,"tributary",2.56,0.03,NA,0.13,1.53,0.91,0.41,1.02,0.19,0.39,2.21,NA,NA,NA,387371.4,3391.83813476562,3535.44025880651,17.3737623762376,225.618811881188,1002.35198974609,NA,NA,NA,NA,NA,NA,NA,NA,NA,NA,NA,NA,NA,"Upper"
"USF03",2023-09-06,5,"mainstem",2.07,0.18,NA,0.335,4.02,1.24,0.925,2.21,0.48,1.335,4.48,NA,NA,NA,28885655,2502.49096679688,3072.03630740161,23.2148992346512,186.345643527957,815.08309173584,NA,NA,NA,NA,NA,NA,NA,NA,NA,NA,NA,NA,NA,"Lower"
"USF05",2023-09-06,5,"mainstem",2.11,0.23,NA,0.335,3.72,1.29,1.045,2.415,0.5,1.375,4.585,NA,NA,NA,25453951,2573.51733398438,3121.35208079035,23.0122866894198,187.317709518392,839.510688781738,NA,NA,NA,NA,NA,NA,NA,NA,NA,NA,NA,NA,NA,"Lower"
"USF07",2023-09-06,5,"tributary",3.78,0.32,NA,0.44,6.51,1.92,1.86,3.94,0.88,2.04,5.11,NA,NA,NA,2296412,2663.60424804688,3042.24856083357,24.6568544995795,141.834735071489,772.661750793457,NA,NA,NA,NA,NA,NA,NA,NA,NA,NA,NA,NA,NA,"Lower"
"USF12",2023-09-06,5,"mainstem/outlet",2.17,0.12,NA,0.265,2.33,1.29,0.965,2.465,0.53,1.54,4.71,29.73264,NA,NA,35878093,2411.90844726562,2988.33347345201,23.7142546245919,194.043960826986,779.146704673767,64.5198288,3.5679168,NA,7.8791496,0.0692770512,38.3551056,28.6919976,73.2909576,15.7582992,45.7882656,140.0407344,NA,NA,"Lower"
"USF13",2023-09-07,5,"tributary",2.44,0.06,NA,0.17,1.73,0.94,0.44,1.19,0.3,0.73,2.34,NA,NA,NA,756190.5,3346.15185546875,3508.61338541349,21.2959183673469,124.625,1007.70300292969,NA,NA,NA,NA,NA,NA,NA,NA,NA,NA,NA,NA,NA,"Upper"
"USF14",2023-09-07,5,"mainstem",1.985,0.08,NA,0.145,2.425,0.97,0.485,1.275,0.26,0.655,3.115,NA,NA,NA,2026488,3312.0263671875,3542.68702324341,20.1442857142857,214.863333333333,1013.8125,NA,NA,NA,NA,NA,NA,NA,NA,NA,NA,NA,NA,NA,"Upper"
"USF15",2023-09-07,5,"mainstem",2.1,0.03,NA,0.12,1.63,0.855,0.31,1.075,0.22,0.475,2.8,NA,NA,NA,848920.2,3397.44995117188,3583.19656563842,22.3943181818182,175.984090909091,1022.59750366211,NA,NA,NA,NA,NA,NA,NA,NA,NA,NA,NA,NA,NA,"Upper"
"USF16",2023-09-07,5,"tributary",1.96,0.07,NA,0.15,1.33,0.98,0.4,1.12,0.24,0.43,2.4,NA,NA,NA,387371.4,3391.83813476562,3535.44025880651,17.3737623762376,225.618811881188,1002.35198974609,NA,NA,NA,NA,NA,NA,NA,NA,NA,NA,NA,NA,NA,"Upper"
"USF17",2023-09-07,5,"tributary",1.87,0.07,NA,0.16,2.92,1.07,0.71,1.64,0.4,0.87,3.72,NA,NA,NA,219441.8,3363.90771484375,0,0,0,0,NA,NA,NA,NA,NA,NA,NA,NA,NA,NA,NA,NA,NA,"Upper"
"USF18",2023-09-07,5,"tributary",2.59,0.11,NA,0.34,4.32,1.04,0.75,1.46,0.3,0.85,3.98,NA,NA,NA,114357,3378.46337890625,3498.18632717918,20.3162393162393,249.153846153846,1002.35198974609,NA,NA,NA,NA,NA,NA,NA,NA,NA,NA,NA,NA,NA,"Upper"
"USF19",2023-09-07,5,"mainstem",0.935,0.185,NA,0.17,11.99,1.495,0.435,1.295,0.4,0.55,2.95,NA,NA,NA,118050.3,3528.0107421875,3611.40366062396,23.2380952380952,182.428571428571,1022.36499023438,NA,NA,NA,NA,NA,NA,NA,NA,NA,NA,NA,NA,NA,"Upper"
"USF09",2024-05-15,6,"tributary",3.125,0.83,9.68,0.79,17.605,1.22,1.435,2.515,0.545,1.02,2.905,NA,NA,NA,1941988,2945.677734375,3246.68948662766,20.2136115250869,132.722801788376,875.391186523437,NA,NA,NA,NA,NA,NA,NA,NA,NA,NA,NA,NA,NA,"Upper"
"USF10",2024-05-15,6,"mainstem",3.66,0.1,3.365,0.275,3.805,1.065,0.57,1.545,0.41,0.98,2.435,NA,NA,NA,6404955,2896.12939453125,3385.07376549216,21.232056694813,188.577653799759,938.930500030518,NA,NA,NA,NA,NA,NA,NA,NA,NA,NA,NA,NA,NA,"Upper"
"USF11",2024-05-15,6,"mainstem",1.465,0.445,3.47,0.435,6.795,1.415,1.63,2.605,0.44,1.375,4.155,NA,NA,NA,5003890,2828.42114257812,3199.56170539918,22.8216216216216,220.928185328185,878.860406494141,NA,NA,NA,NA,NA,NA,NA,NA,NA,NA,NA,NA,NA,"Upper"
"USF07",2024-05-23,7,"tributary",4.07,0.74,5.58,0.96,8.76,2.2,1.99,3.68,1.07,1.71,3.83,9.313564979,15.19,1.7,2296412,2663.60424804688,3042.24856083357,24.6568544995795,141.834735071489,772.661750793457,37.90620946453,6.89203808446,0.05196969258282,8.94102237984,0.08158682921604,20.4898429538,18.53399430821,34.27391912272,9.96551452753,15.92619611409,35.67095386957,141.47305203101,15.8330604643,"Lower"
"USF12",2024-05-23,7,"mainstem/outlet",3.495,0.05,2,0.285,10.52,0.81,0.82,2.095,0.625,1.175,2.48,571.99936,7.34,0.9,35878093,2411.90844726562,2988.33347345201,23.7142546245919,194.043960826986,779.146704673767,1999.1377632,28.599968,1.14399872,163.0198176,6.0174332672,463.3194816,469.0394752,1198.3386592,357.4996,672.099248,1418.5584128,4198.4753024,514.799424,"Lower"
"USF20",2024-05-23,7,"mainstem",3.305,0.38,2,0.275,17.455,0.94,0.8,1.98,0.48,1.035,2.195,576.5632446,NA,NA,19141915,2651.27734375,3197.32970971598,22.4386318922464,190.326388538566,878.11255730523,1905.541523403,219.094032948,1.1531264892,158.554892265,10.063911434493,541.969449924,461.25059568,1141.595224308,276.750357408,596.742958161,1265.556321897,NA,NA,"Lower"
"USF22",2024-05-23,7,"tributary",5.25,0.0025,2,0.13,19.5,2.42,2.68,4.38,1.11,2.14,5.02,1.687162924,70.87,19.9,685111.6,2692.62109375,3013.30642167898,24.1139240506329,131.36005625879,758.648742675781,8.857605351,0.00421790731,0.003374325848,0.21933118012,0.032899677018,4.08293427608,4.52159663632,7.38977360712,1.87275084564,3.61052865736,8.46955787848,119.56923642388,33.5745421876,"Lower"
"USF23",2024-05-23,7,"tributary",3.82,0.78,2,1.12,9.39,1.54,1.71,3.37,1.05,1.67,3.2,8.340253682,15.34,1.4,1428947,2690.494140625,3086.79092391655,25.0703177822853,147.104124408384,777.821140834263,31.85976906524,6.50539787196,0.016680507364,9.34108412384,0.07831498207398,12.84399067028,14.26183379622,28.10665490834,8.7572663661,13.92822364894,26.6888117824,127.93949148188,11.6763551548,"Lower"
"USF03",2024-05-24,7,"mainstem",3.365,0.045,3.08,0.26,4.225,0.67,0.805,1.96,0.35,0.995,2.475,563.5854245,7.34,1.2,28885655,2502.49096679688,3072.03630740161,23.2148992346512,186.345643527957,815.08309173584,1896.4649534425,25.3613441025,1.73584310746,146.53221037,2.3811484185125,377.602234415,453.6862667225,1104.62743202,197.254898575,560.7674973775,1394.8739256375,4136.71701583,676.3025094,"Lower"
"USF04",2024-05-24,7,"tributary",6.81,0.01,2,0.21,26.73,2.37,2.86,5.99,0.63,3.84,9.35,NA,10.19,0.4,1855105,2573.9287109375,2830.5148714563,24.6824324324324,146.962058212058,712.785003662109,NA,NA,NA,NA,NA,NA,NA,NA,NA,NA,NA,NA,NA,"Lower"
"USF05",2024-05-24,7,"mainstem",3.47,0.025,2,0.255,9.165,0.515,0.8,1.93,0.465,1.335,2.3,563.7791206,NA,NA,25453951,2573.51733398438,3121.35208079035,23.0122866894198,187.317709518392,839.510688781738,1956.313548482,14.094478015,1.1275582412,143.763675753,5.167035640299,290.346247109,451.02329648,1088.093702758,262.157291079,752.645126001,1296.69197738,NA,NA,"Lower"
"USF24",2024-05-24,7,"tributary",4.02,0.04,2,0.29,37.76,1.33,1.52,2.41,0.61,2.07,3.95,5.1347666,24.91,1,1484873,2435.66015625,2787.18243372501,28.3868232224397,238.981082844097,674.086995442708,20.641761732,0.205390664,0.0102695332,1.489082314,0.193888786816,6.829239578,7.804845232,12.374787506,3.132207626,10.628966862,20.28232807,127.907036006,5.1347666,"Lower"
"USF25",2024-05-24,7,"tributary",2.73,0.0025,2,0.1,39.99,1.45,1.68,3.66,0.44,2.55,4.99,0.736216917,15.96,1,1144825,2462.53588867188,2740.84506376351,26.82910321489,244.672588832487,664.988006591797,2.00987218341,0.0018405422925,0.001472433834,0.0736216917,0.02944131451083,1.06751452965,1.23684442056,2.69455391622,0.32393544348,1.87735313835,3.67372241583,11.75002199532,0.736216917,"Lower"
"USF26",2024-05-24,7,"tributary",2.93,0.0025,2,0.07,3.01,1.57,2.09,4.87,0.75,3.16,5.78,NA,NA,NA,429695.9,2509.60693359375,2742.38028022268,23.8561797752809,260.638202247191,664.60302734375,NA,NA,NA,NA,NA,NA,NA,NA,NA,NA,NA,NA,NA,"Lower"
"USF03",2024-06-19,8,"mainstem",2.84,0.02125,3.71,0.26,4.585,0.5,0.835,2.06,0.33,0.74,3.605,172.8583022,12.13,5.5,28885655,2502.49096679688,3072.03630740161,23.2148992346512,186.345643527957,815.08309173584,490.917578248,3.67323892175,0.641304301162,44.943158572,0.792555315587,86.4291511,144.336682337,356.088102532,57.043239726,127.915143628,623.154179431,2096.771205686,950.7206621,"Lower"
"USF04",2024-06-19,8,"tributary",5.8,0.01,2,0.21,7.25,2.36,3.3,7.08,0.38,5.58,12.36,NA,74.15,18.8,1855105,2573.9287109375,2830.5148714563,24.6824324324324,146.962058212058,712.785003662109,NA,NA,NA,NA,NA,NA,NA,NA,NA,NA,NA,NA,NA,"Lower"
"USF05",2024-06-19,8,"mainstem",2.635,0.01125,10.215,0.19,20.025,1.705,0.88,2.875,0.305,1.345,2.705,171.2914928,11.16,5.1,25453951,2573.51733398438,3121.35208079035,23.0122866894198,187.317709518392,839.510688781738,451.353083528,1.927029294,1.749742598952,32.545383632,3.43011214332,292.051995224,150.736513664,492.4630418,52.243905304,230.387057816,463.343488024,1911.613059648,873.58661328,"Lower"
"USF07",2024-06-19,8,"tributary",4.22,0.29,4.34,0.49,10.2,1.23,2.03,3.97,0.45,2.03,5.58,1.586739383,13.03,2.3,2296412,2663.60424804688,3042.24856083357,24.6568544995795,141.834735071489,772.661750793457,6.69604019626,0.46015442107,0.00688644892222,0.77750229767,0.0161847417066,1.95168944109,3.22108094749,6.29935535051,0.71403272235,3.22108094749,8.85400575714,20.67521416049,3.6495005809,"Lower"
"USF12",2024-06-19,8,"mainstem/outlet",2.82,0.00625,8.635,0.205,0.5,0.505,0.84,2.145,0.36,1.165,3.005,150.362208,14.4,7.4,35878093,2411.90844726562,2988.33347345201,23.7142546245919,194.043960826986,779.146704673767,424.02142656,0.9397638,1.29837766608,30.82425264,0.075181104,75.93291504,126.30425472,322.52693616,54.13039488,175.17197232,451.83843504,2165.2157952,1112.6803392,"Lower"
"USF20",2024-06-19,8,"mainstem",2.61,0.0025,7.195,0.3,7.56,0.97,0.825,2.41,0.52,0.705,3.545,160.8682096,33.19,22,19141915,2651.27734375,3197.32970971598,22.4386318922464,190.326388538566,878.11255730523,419.866027056,0.402170524,1.157446768072,48.26046288,1.216163664576,156.042163312,132.71627292,387.692385136,83.651468992,113.412087768,570.277803032,5339.215876624,3539.1006112,"Lower"
"USF24",2024-06-19,8,"tributary",4.48,0.0025,7.53,0.18,1.96,1.11,1.54,2.73,0.7,1.57,6.04,NA,14.57,6,1484873,2435.66015625,2787.18243372501,28.3868232224397,238.981082844097,674.086995442708,NA,NA,NA,NA,NA,NA,NA,NA,NA,NA,NA,NA,NA,"Lower"
"USF25",2024-06-19,8,"tributary",NA,0.0025,2,NA,0.5,0.85,1.67,4.13,0.35,3.4,8.51,NA,18.82,1.4,1144825,2462.53588867188,2740.84506376351,26.82910321489,244.672588832487,664.988006591797,NA,NA,NA,NA,NA,NA,NA,NA,NA,NA,NA,NA,NA,"Lower"
"USF13",2024-06-20,8,"tributary",NA,0.0025,7.56,NA,5.04,0.34,0.42,1.11,0.005,0.21,0.78,13.19239194,17.95,11.6,756190.5,3346.15185546875,3508.61338541349,21.2959183673469,124.625,1007.70300292969,NA,0.03298097985,0.0997344830664,NA,0.0664896553776,4.4854132596,5.5408046148,14.6435550534,0.0659619597,2.7704023074,10.2900657132,236.803435323,153.031746504,"Upper"
"USF14",2024-06-20,8,"mainstem",3.535,0.0025,2,0.2,7.51,0.48,0.495,1.365,0.27,0.73,1.57,70.87227057,7.19,1.1,2026488,3312.0263671875,3542.68702324341,20.1442857142857,214.863333333333,1013.8125,250.53347646495,0.177180676425,0.14174454114,14.174454114,0.5322507519807,34.0186898736,35.08177393215,96.74064932805,19.1355130539,51.7367575161,111.2694647949,509.5716253983,77.959497627,"Upper"
"USF15",2024-06-20,8,"mainstem",2.725,0.0025,2,0.105,7.245,0.425,0.4,1.205,0.19,0.65,1.635,13.99417627,4.76,1,848920.2,3397.44995117188,3583.19656563842,22.3943181818182,175.984090909091,1022.59750366211,38.13413033575,0.034985440675,0.02798835254,1.46938850835,0.10138780707615,5.94752491475,5.597670508,16.86298240535,2.6588934913,9.0962145755,22.88047820145,66.6122790452,13.99417627,"Upper"
"USF16",2024-06-20,8,"tributary",3.22,0.0025,4.19,0.1,6.54,0.4,0.45,1.04,0.03,0.51,0.99,15.19172342,19.06,4.7,387371.4,3391.83813476562,3535.44025880651,17.3737623762376,225.618811881188,1002.35198974609,48.9173494124,0.03797930855,0.0636533211298,1.519172342,0.0993538711668,6.076689368,6.836275539,15.7993923568,0.4557517026,7.7477789442,15.0398061858,289.5542483852,71.401100074,"Upper"
"USF17",2024-06-20,8,"tributary",2.93,0.0025,8.74,0.14,12.71,0.56,0.67,1.5,0.14,0.69,1.97,NA,11.02,0.7,219441.8,3363.90771484375,0,0,0,0,NA,NA,NA,NA,NA,NA,NA,NA,NA,NA,NA,NA,NA,"Upper"
"USF18",2024-06-20,8,"tributary",3.72,0.0025,8.96,0.12,15.63,0.53,0.64,1.26,0.03,0.71,1.93,5.027453763,7.94,0.9,114357,3378.46337890625,3498.18632717918,20.3162393162393,249.153846153846,1002.35198974609,18.70212799836,0.0125686344075,0.04504598571648,0.60329445156,0.07857910231569,2.66455049439,3.21757040832,6.33459174138,0.15082361289,3.56949217173,9.70298576259,39.91798287822,4.5247083867,"Upper"
"USF19",2024-06-20,8,"mainstem",1.775,0.0025,7.49,0.16,12.805,1.705,0.415,2.295,0.42,0.665,1.675,3.507947368,4.68,1.8,118050.3,3528.0107421875,3611.40366062396,23.2380952380952,182.428571428571,1022.36499023438,6.2266065782,0.00876986842,0.02627452578632,0.56127157888,0.04491926604724,5.98105026244,1.45579815772,8.05073920956,1.47333789456,2.33278499972,5.8758118414,16.41719368224,6.3143052624,"Upper"
"USF21",2024-06-20,8,"mainstem",3.525,0.00625,4.29,0.14,7.855,0.525,0.495,1.39,0.295,0.66,1.725,NA,3.48,2.1,2818745,3305.72265625,3530.71396761165,20.2822884549503,190.028434395341,1013.8125,NA,NA,NA,NA,NA,NA,NA,NA,NA,NA,NA,NA,NA,"Upper"
"USF28",2024-06-20,8,"tributary",5.52,0.0025,7.88,0.13,5.15,0.42,0.6,1.38,0.005,0.7,1.5,NA,10.61,0.8,56663.36,3335.6884765625,3489.36516627052,21.9310344827586,275.396551724138,960.5419921875,NA,NA,NA,NA,NA,NA,NA,NA,NA,NA,NA,NA,NA,"Upper"
"USF29",2024-06-20,8,"tributary",2.685,0.09,4.23,0.235,9.52,0.55,0.71,1.89,0.41,1.46,2.57,4.773688897,9.14,1.3,71086.77,3368.57275390625,3576.72503219367,22.36,277.306666666667,1002.35198974609,12.817354688445,0.42963200073,0.02019270403431,1.121816890795,0.04544551829944,2.62552889335,3.38931911687,9.02227201533,1.95721244777,6.96958578962,12.26838046529,43.63151651858,6.2057955661,"Upper"
"USF03",2024-07-16,9,"mainstem",2.695,0.17,10.01,0.29,19.815,0.795,0.915,2.685,0.53,1.345,3.865,134.4972654,5.74,2.9,28885655,2502.49096679688,3072.03630740161,23.2148992346512,186.345643527957,815.08309173584,362.470130253,22.864535118,1.346317626654,39.004206966,2.665063313901,106.925325993,123.064997841,361.125157599,71.283550662,180.898821963,519.831930771,772.014303396,390.04206966,"Lower"
"USF04",2024-07-16,9,"tributary",7.29,0.08,15.28,0.25,325.51,2.64,2.96,7.75,1.57,6.22,12.42,0.397602057,3.33,1.9,1855105,2573.9287109375,2830.5148714563,24.6824324324324,146.962058212058,712.785003662109,2.89851899553,0.03180816456,0.00607535943096,0.09940051425,0.12942344557407,1.04966943048,1.17690208872,3.08141594175,0.62423522949,2.47308479454,4.93821754794,1.32401484981,0.7554439083,"Lower"
"USF05",2024-07-16,9,"mainstem",5.525,0.16,14.21,0.57,120.255,0.945,0.895,2.595,0.55,1.36,3.655,147.4323507,58,2.8,25453951,2573.51733398438,3121.35208079035,23.0122866894198,187.317709518392,839.510688781738,814.5637376175,23.589176112,2.095013703447,84.036439899,17.7294773334285,139.3235714115,131.9519538765,382.5869500665,81.087792885,200.507996952,538.8652418085,8551.0763406,412.81058196,"Lower"
"USF07",2024-07-16,9,"tributary",5.87,0.48,2,0.87,13.41,1.42,1.66,3.78,0.82,1.75,4.51,4.158364207,2.4,1.4,2296412,2663.60424804688,3042.24856083357,24.6568544995795,141.834735071489,772.661750793457,24.40959789509,1.99601481936,0.008316728414,3.61777686009,0.05576366401587,5.90487717394,6.90288458362,15.71861670246,3.40985864974,7.27713736225,18.75422257357,9.9800740968,5.8217098898,"Lower"
"USF12",2024-07-16,9,"mainstem/outlet",2.835,0.145,13.025,0.255,5.22,0.53,0.885,2.4,0.52,1.415,3.995,118.081056,5.33,3.1,35878093,2411.90844726562,2988.33347345201,23.7142546245919,194.043960826986,779.146704673767,334.75979376,17.12175312,1.5380057544,30.11066928,0.61638311232,62.58295968,104.50173456,283.3945344,61.40214912,167.08469424,471.73381872,629.37202848,366.0512736,"Lower"
"USF20",2024-07-16,9,"mainstem",2.58,0.11,15.295,0.235,92.79,1.865,0.79,2.805,0.365,0.815,1.965,119.3189871,7.02,4.3,19141915,2651.27734375,3197.32970971598,22.4386318922464,190.326388538566,878.11255730523,307.842986718,13.125088581,1.8249839076945,28.0399619685,11.071608813009,222.5299109415,94.261999809,334.6897588155,43.5514302915,97.2449744865,234.4618096515,837.619289442,513.07164453,"Lower"
"USF22",2024-07-16,9,"tributary",5.93,0.0025,13.78,0.23,41.81,1.66,1.91,5.2,1.22,2.98,7.35,0.306203871,30.69,11.7,685111.6,2692.62109375,3013.30642167898,24.1139240506329,131.36005625879,758.648742675781,1.81578895503,0.0007655096775,0.00421948934238,0.07042689033,0.01280238384651,0.50829842586,0.58484939361,1.5922601292,0.37356872262,0.91248753558,2.25059845185,9.39739680099,3.5825852907,"Lower"
"USF23",2024-07-16,9,"tributary",3.88,0.41,11.41,0.79,37.41,1.68,1.32,3.26,0.69,1.46,3.8,3.761500422,3.98,2,1428947,2690.494140625,3086.79092391655,25.0703177822853,147.104124408384,777.821140834263,14.59462163736,1.54221517302,0.04291871981502,2.97158533338,0.14071773078702,6.31932070896,4.96518055704,12.26249137572,2.59543529118,5.49179061612,14.2937016036,14.97077167956,7.523000844,"Lower"
"USF24",2024-07-16,9,"tributary",3.52,0.12,12.06,0.23,8.35,1.04,1.35,2.59,0.44,2.24,5.07,NA,0.96,0.9,1484873,2435.66015625,2787.18243372501,28.3868232224397,238.981082844097,674.086995442708,NA,NA,NA,NA,NA,NA,NA,NA,NA,NA,NA,NA,NA,"Lower"
"USF25",2024-07-16,9,"tributary",2.99,0.09,7.75,0.12,0.5,0.79,1.39,3.77,0.24,3.02,5.77,0.367883974,NA,NA,1144825,2462.53588867188,2740.84506376351,26.82910321489,244.672588832487,664.988006591797,1.09997308226,0.03310955766,0.0028511007985,0.04414607688,0.000183941987,0.29062833946,0.51135872386,1.38692258198,0.08829215376,1.11100960148,2.12269052998,NA,NA,"Lower"
"USF26",2024-07-16,9,"tributary",2.83,0.0025,7.53,0.1,19.16,1.56,1.92,5.78,0.57,3.92,7.33,NA,NA,NA,429695.9,2509.60693359375,2742.38028022268,23.8561797752809,260.638202247191,664.60302734375,NA,NA,NA,NA,NA,NA,NA,NA,NA,NA,NA,NA,NA,"Lower"
"USF13",2024-07-17,9,"tributary",3.42,0.0025,2,0.15,6.72,0.58,0.41,1.29,0.005,0.71,1.33,NA,0.69,0.6,756190.5,3346.15185546875,3508.61338541349,21.2959183673469,124.625,1007.70300292969,NA,NA,NA,NA,NA,NA,NA,NA,NA,NA,NA,NA,NA,"Upper"
"USF14",2024-07-17,9,"mainstem",2.585,0.0025,4.565,0.1,9.775,0.59,0.49,1.355,0.1525,0.76,1.705,21.72378671,1.83,1,2026488,3312.0263671875,3542.68702324341,20.1442857142857,214.863333333333,1013.8125,56.15598864535,0.054309466775,0.09916908633115,2.172378671,0.21235001509025,12.8170341589,10.6446554879,29.43573099205,3.312877473275,16.5100778996,37.03905634055,39.7545296793,21.72378671,"Upper"
"USF15",2024-07-17,9,"mainstem",2.11,0.0025,9.935,0.11,16.01,0.58,0.35,1.135,0.1625,0.635,1.485,3.529217257,1.75,1.3,848920.2,3397.44995117188,3583.19656563842,22.3943181818182,175.984090909091,1022.59750366211,7.44664841227,0.0088230431425,0.035062773448295,0.38821389827,0.05650276828457,2.04694600906,1.23522603995,4.005661586695,0.5734978042625,2.241052958195,5.240887626645,6.17613019975,4.5879824341,"Upper"
"USF16",2024-07-17,9,"tributary",2.55,0.03,2,0.13,8.76,0.59,0.43,1.1,0.005,0.26,0.18,8.666349572,0.85,0.8,387371.4,3391.83813476562,3535.44025880651,17.3737623762376,225.618811881188,1002.35198974609,22.0991914086,0.25999048716,0.017332699144,1.12662544436,0.07591722225072,5.11314624748,3.72653031596,9.5329845292,0.04333174786,2.25325088872,1.55994292296,7.3663971362,6.9330796576,"Upper"
"USF17",2024-07-17,9,"tributary",2.2,0.0025,2,0.09,3.99,0.75,0.72,1.67,0.43,0.86,2.44,NA,25.23,18.5,219441.8,3363.90771484375,0,0,0,0,NA,NA,NA,NA,NA,NA,NA,NA,NA,NA,NA,NA,NA,"Upper"
"USF18",2024-07-17,9,"tributary",2.75,0.0025,2,0.11,20.24,0.63,0.64,1.46,0.4,0.87,2.48,2.122972757,1,0.6,114357,3378.46337890625,3498.18632717918,20.3162393162393,249.153846153846,1002.35198974609,5.83817508175,0.0053074318925,0.004245945514,0.23352700327,0.04296896860168,1.33747283691,1.35870256448,3.09954022522,0.8491891028,1.84698629859,5.26497243736,2.122972757,1.2737836542,"Upper"
"USF19",2024-07-17,9,"mainstem",2.82,0.015,5.105,0.315,49.33,0.635,0.32,1.265,0.43,0.67,1.74,2.489122492,39.3,21.1,118050.3,3528.0107421875,3611.40366062396,23.2380952380952,182.428571428571,1022.36499023438,7.01932542744,0.03733683738,0.01270697032166,0.78407358498,0.12278841253036,1.58059278242,0.79651919744,3.14873995238,1.07032267156,1.66771206964,4.33107313608,97.8225139356,52.5204845812,"Upper"
"USF21",2024-07-17,9,"mainstem",2.82,0.0025,6.82,0.13,49.82,2.93,0.455,2.785,0.38,0.775,2.325,30.0474498,5.27,3.6,2818745,3305.72265625,3530.71396761165,20.2822884549503,190.028434395341,1013.8125,84.733808436,0.0751186245,0.204923607636,3.906168474,1.496963949036,88.039027914,13.671589659,83.682147693,11.418030924,23.286773595,69.860320785,158.350060446,108.17081928,"Upper"
"USF28",2024-07-17,9,"tributary",3.39,0.0025,2,0.1,6.33,0.61,0.59,1.68,0.42,0.89,2.33,0.597096303,5.26,3.6,56663.36,3335.6884765625,3489.36516627052,21.9310344827586,275.396551724138,960.5419921875,2.02415646717,0.0014927407575,0.001194192606,0.0597096303,0.00377961959799,0.36422874483,0.35228681877,1.00312178904,0.25078044726,0.53141570967,1.39123438599,3.14072655378,2.1495466908,"Upper"
"USF29",2024-07-17,9,"tributary",3.57,0.03,2,0.36,28.65,0.64,0.7,1.8,0.42,1.11,2.82,NA,NA,NA,71086.77,3368.57275390625,3576.72503219367,22.36,277.306666666667,1002.35198974609,NA,NA,NA,NA,NA,NA,NA,NA,NA,NA,NA,NA,NA,"Upper"
"USF31",2024-07-17,9,"tributary",3.07,0.0025,22.16,0.16,11.76,0.7,0.32,1.27,0.44,0.69,1.26,NA,0.6,0.2,252856.1,3473.861328125,3563.78565764366,22.3257575757576,122.280303030303,984.632995605469,NA,NA,NA,NA,NA,NA,NA,NA,NA,NA,NA,NA,NA,"Upper"
"USF03",2024-08-14,10,"mainstem",3.525,0.065,15.71,0.27,10.265,0.99,0.82,2.48,0.585,1.51,4.8,150.3080497,45.41,5.2,28885655,2502.49096679688,3072.03630740161,23.2148992346512,186.345643527957,815.08309173584,529.8358751925,9.7700232305,2.361339460787,40.583173419,1.5429121301705,148.804969203,123.252600754,372.763963256,87.9302090745,226.965155047,721.47863856,6825.488536877,781.60185844,"Lower"
"USF04",2024-08-14,10,"tributary",6.49,0.0025,4.24,0.2,38.3,2.29,2.3,7.43,1.33,6.82,13.53,NA,48.42,3.5,1855105,2573.9287109375,2830.5148714563,24.6824324324324,146.962058212058,712.785003662109,NA,NA,NA,NA,NA,NA,NA,NA,NA,NA,NA,NA,NA,"Lower"
"USF05",2024-08-14,10,"mainstem",3.43,0.07,16.095,0.27,9.75,1.12,0.825,2.535,0.565,1.995,4.485,145.097916,42,4.1,25453951,2573.51733398438,3121.35208079035,23.0122866894198,187.317709518392,839.510688781738,497.68585188,10.15685412,2.33535095802,39.17643732,1.414704681,162.50966592,119.7057807,367.82321706,81.98032254,289.47034242,650.76415326,6094.112472,594.9014556,"Lower"
"USF07",2024-08-14,10,"tributary",5.56,0.34,33.84,0.66,8.4,1.58,1.72,4.15,0.93,2.12,6.12,3.966765258,44.32,2.8,2296412,2663.60424804688,3042.24856083357,24.6568544995795,141.834735071489,772.661750793457,22.05521483448,1.34870018772,0.13423533633072,2.61806507028,0.0333208281672,6.26748910764,6.82283624376,16.4620758207,3.68909168994,8.40954234696,24.27660337896,175.80703623456,11.1069427224,"Lower"
"USF12",2024-08-14,10,"mainstem/outlet",3.815,0.12,14.58,0.28,21.325,4.19,0.81,4.415,0.235,1.33,5.17,141.867168,42.87,4.5,35878093,2411.90844726562,2988.33347345201,23.7142546245919,194.043960826986,779.146704673767,541.22324592,17.02406016,2.06842330944,39.72280704,3.0253173576,594.42343392,114.91240608,626.34354672,33.33878448,188.68333344,733.45325856,6081.84549216,638.402256,"Lower"
"USF20",2024-08-14,10,"mainstem",3.255,0.13,14.49,0.28,11.49,1.97,0.75,2.545,0.225,1.265,4.06,137.2516272,41.1,3.7,19141915,2651.27734375,3197.32970971598,22.4386318922464,190.326388538566,878.11255730523,446.754046536,17.842711536,1.988776078128,38.430455616,1.577021196528,270.385705584,102.9387204,349.305391224,30.88161612,173.623308408,557.241606432,5641.04187792,507.83102064,"Lower"
"USF22",2024-08-14,10,"tributary",6.43,0.0025,10.22,0.15,12.2,4.35,1.73,5.42,0.92,2.98,7.32,0.825662944,54.67,5.4,685111.6,2692.62109375,3013.30642167898,24.1139240506329,131.36005625879,758.648742675781,5.30901272992,0.00206415736,0.00843827528768,0.1238494416,0.0100730879168,3.5916338064,1.42839689312,4.47509315648,0.75960990848,2.46047557312,6.04385275008,45.13899314848,4.4585798976,"Lower"
"USF23",2024-08-14,10,"tributary",5.31,0.58,8.37,0.76,13.3,1.94,1.61,4.03,0.67,2.13,4.86,3.709896374,45.73,2.8,1428947,2690.494140625,3086.79092391655,25.0703177822853,147.104124408384,777.821140834263,19.69954974594,2.15173989692,0.03105183265038,2.81952124424,0.0493416217742,7.19719896556,5.97293316214,14.95088238722,2.48563057058,7.90207927662,18.03009637764,169.65356118302,10.3877098472,"Lower"
"USF24",2024-08-14,10,"tributary",5.16,0.06,9.29,0.25,10.35,1.45,1.26,2.6,0.4,2.16,5.58,3.530639063,35.86,3,1484873,2435.66015625,2787.18243372501,28.3868232224397,238.981082844097,674.086995442708,18.21809756508,0.21183834378,0.03279963689527,0.88265976575,0.03654211430205,5.11942664135,4.44860521938,9.1796615638,1.4122556252,7.62618037608,19.70096597154,126.60871679918,10.591917189,"Lower"
"USF25",2024-08-14,10,"tributary",4.6,0.0025,6.99,0.14,13.4,1.83,1.06,3.03,0.2,2.43,5.88,2.238723319,47.45,2.8,1144825,2462.53588867188,2740.84506376351,26.82910321489,244.672588832487,664.988006591797,10.2981272674,0.0055968082975,0.01564867599981,0.31342126466,0.0299988924746,4.09686367377,2.37304671814,6.78333165657,0.4477446638,5.44009766517,13.16369311572,106.22742148655,6.2684252932,"Lower"
"USF26",2024-08-14,10,"tributary",3.96,0.0025,10.91,0.12,9.27,2.12,1.73,5.86,0.53,4.08,8.51,1.138190993,48.54,2.8,429695.9,2509.60693359375,2742.38028022268,23.8561797752809,260.638202247191,664.60302734375,4.50723633228,0.0028454774825,0.01241766373363,0.13658291916,0.01055103050511,2.41296490516,1.96907041789,6.66979921898,0.60324122629,4.64381925144,9.68600535043,55.24779080022,3.1869347804,"Lower"
"USF13",2024-08-15,10,"tributary",NA,0.01,5.6,NA,5.34,0.89,0.35,1.54,0.11,1.19,2.31,11.64275259,30.69,0.3,756190.5,3346.15185546875,3508.61338541349,21.2959183673469,124.625,1007.70300292969,NA,0.1164275259,0.065199414504,NA,0.0621722988306,10.3620498051,4.0749634065,17.9298389886,1.2807027849,13.8548755821,26.8947584829,357.3160769871,3.492825777,"Upper"
"USF14",2024-08-15,10,"mainstem",NA,0.03,5.835,NA,4.755,2.15,0.41,1.465,0.015,1.015,2.505,25.29674206,37.37,1.4,2026488,3312.0263671875,3542.68702324341,20.1442857142857,214.863333333333,1013.8125,NA,0.7589022618,0.1476064899201,NA,0.1202860084953,54.387995429,10.3716642446,37.0597271179,0.3794511309,25.6761931909,63.3683388603,945.3392507822,35.415438884,"Upper"
"USF15",2024-08-15,10,"mainstem",NA,0.025,6.64,NA,9.075,1.205,0.325,1.45,0.135,0.625,2.545,5.19,39.78,2.4,848920.2,3397.44995117188,3583.19656563842,22.3943181818182,175.984090909091,1022.59750366211,NA,0.12975,0.0344616,NA,0.04709925,6.25395,1.68675,7.5255,0.70065,3.24375,13.20855,206.4582,12.456,"Upper"
"USF16",2024-08-15,10,"tributary",NA,0.05,6.76,NA,6.57,1.38,0.38,1.43,0.01,0.52,2.18,9.657744438,37.47,1.3,387371.4,3391.83813476562,3535.44025880651,17.3737623762376,225.618811881188,1002.35198974609,NA,0.4828872219,0.06528635240088,NA,0.06345138095766,13.32768732444,3.66994288644,13.81057454634,0.09657744438,5.02202710776,21.05388287484,361.87568409186,12.5550677694,"Upper"
"USF17",2024-08-15,10,"tributary",NA,0.02,5.83,NA,3.9,0.88,0.62,1.89,0.17,0.83,3.48,0.703963331,68.1,5.4,219441.8,3363.90771484375,0,0,0,0,NA,0.01407926662,0.00410410621973,NA,0.0027454569909,0.61948773128,0.43645726522,1.33049069559,0.11967376627,0.58428956473,2.44979239188,47.9399028411,3.8014019874,"Upper"
"USF18",2024-08-15,10,"tributary",NA,0.03,8.14,NA,6.63,1.1,0.59,1.82,0.12,0.9,3.58,NA,37.53,1.2,114357,3378.46337890625,3498.18632717918,20.3162393162393,249.153846153846,1002.35198974609,NA,NA,NA,NA,NA,NA,NA,NA,NA,NA,NA,NA,NA,"Upper"
"USF19",2024-08-15,10,"mainstem",NA,0.04,5.37,NA,8.57,0.94,0.31,1.54,0.24,0.69,2.71,2.92986879,36.19,2.3,118050.3,3528.0107421875,3611.40366062396,23.2380952380952,182.428571428571,1022.36499023438,NA,0.1171947516,0.0157333954023,NA,0.0251089755303,2.7540766626,0.9082593249,4.5119979366,0.7031685096,2.0216094651,7.9399444209,106.0319515101,6.738698217,"Upper"
"USF21",2024-08-15,10,"mainstem",NA,0.02,4.87,NA,2.22,0.785,0.395,1.445,0.085,0.69,2.68,37.65500509,38.98,1.6,2818745,3305.72265625,3530.71396761165,20.2822884549503,190.028434395341,1013.8125,NA,0.7531001018,0.1833798747883,NA,0.0835941112998,29.55917899565,14.87372701055,54.41148235505,3.20067543265,25.9819535121,100.9154136412,1467.7920984082,60.248008144,"Upper"
"USF28",2024-08-15,10,"tributary",NA,0.06,7.68,NA,4.63,0.94,0.58,1.95,0.15,1,3.49,0.364992366,49.74,1.6,56663.36,3335.6884765625,3489.36516627052,21.9310344827586,275.396551724138,960.5419921875,NA,0.02189954196,0.00280314137088,NA,0.00168991465458,0.34309282404,0.21169557228,0.7117351137,0.0547488549,0.364992366,1.27382335734,18.15472028484,0.5839877856,"Upper"
"USF29",2024-08-15,10,"tributary",NA,0.12,6.53,NA,1.46,0.88,0.64,2.06,0.17,1.24,3.98,1.171645933,68.43,1.8,71086.77,3368.57275390625,3576.72503219367,22.36,277.306666666667,1002.35198974609,NA,0.14059751196,0.00765084794249,NA,0.00171060306218,1.03104842104,0.74985339712,2.41359062198,0.19917980861,1.45284095692,4.66315081334,80.17573119519,2.1089626794,"Upper"
"USF31",2024-08-15,10,"tributary",NA,0.04,6.53,NA,3.46,0.81,0.29,1.28,0.03,0.59,1.96,1.989298615,43.7,3.4,252856.1,3473.861328125,3563.78565764366,22.3257575757576,122.280303030303,984.632995605469,NA,0.0795719446,0.01299011995595,NA,0.0068829732079,1.61133187815,0.57689659835,2.5463022272,0.05967895845,1.17368618285,3.8990252854,86.9323494755,6.763615291,"Upper"
"USF03",2024-09-11,11,"mainstem",2.695,0.175,8.14,0.32,5.825,1.945,0.905,2.71,0.37,1.415,4.7,159.4880305,NA,NA,28885655,2502.49096679688,3072.03630740161,23.2148992346512,186.345643527957,815.08309173584,429.8202421975,27.9104053375,1.29823256827,51.03616976,0.9290177776625,310.2042193225,144.3366676025,432.212562655,59.010571285,225.6755631575,749.59374335,NA,NA,"Lower"
"USF04",2024-09-11,11,"tributary",8.9,0.0025,6.3,0.25,14.37,2.23,1.81,5.67,0.89,4.3,10.15,1.490681024,58.99,50.5,1855105,2573.9287109375,2830.5148714563,24.6824324324324,146.962058212058,712.785003662109,13.2670611136,0.00372670256,0.0093912904512,0.372670256,0.02142108631488,3.32421868352,2.69813265344,8.45216140608,1.32670611136,6.4099284032,15.1304123936,87.93527360576,75.279391712,"Lower"
"USF05",2024-09-11,11,"mainstem",2.605,0.165,9.525,0.345,7.445,1.275,0.775,2.485,0.335,1.71,4.065,169.2553265,NA,NA,25453951,2573.51733398438,3121.35208079035,23.0122866894198,187.317709518392,839.510688781738,440.9101255325,27.9271288725,1.6121569849125,58.3930876425,1.2601059057925,215.8005412875,131.1728780375,420.5994863525,56.7005343775,289.426608315,688.0229022225,NA,NA,"Lower"
"USF07",2024-09-11,11,"tributary",4,0.62,7.91,0.8,21.43,1.95,1.71,4.25,0.81,2.09,5.84,3.535336374,NA,NA,2296412,2663.60424804688,3042.24856083357,24.6568544995795,141.834735071489,772.661750793457,14.141345496,2.19190855188,0.02796451071834,2.8282690992,0.07576225849482,6.8939059293,6.04542519954,15.0251795895,2.86362246294,7.38885302166,20.64636442416,NA,NA,"Lower"
"USF12",2024-09-11,11,"mainstem/outlet",2.965,0.115,8.115,0.305,5.2,1.535,0.94,2.78,0.41,1.86,4.43,159.423584,NA,NA,35878093,2411.90844726562,2988.33347345201,23.7142546245919,194.043960826986,779.146704673767,472.69092656,18.33371216,1.29372238416,48.62419312,0.8290026368,244.71520144,149.85816896,443.19756352,65.36366944,296.52786624,706.24647712,NA,NA,"Lower"
"USF20",2024-09-11,11,"mainstem",2.69,0.16,15.095,0.395,24.675,2.315,0.93,3.18,0.405,1.485,4.245,149.387975,NA,NA,19141915,2651.27734375,3197.32970971598,22.4386318922464,190.326388538566,878.11255730523,401.85365275,23.902076,2.255011482625,59.008250125,3.686148283125,345.833162125,138.93081675,475.0537605,60.502129875,221.841142875,634.151953875,NA,NA,"Lower"
"USF22",2024-09-11,11,"tributary",6.16,0.0025,6.34,0.16,6.97,2.19,1.82,5.16,0.94,2.83,7.09,0.893426035,83.37,56.8,685111.6,2692.62109375,3013.30642167898,24.1139240506329,131.36005625879,758.648742675781,5.5035043756,0.0022335650875,0.0056643210619,0.1429481656,0.00622717946395,1.95660301665,1.6260353837,4.6100783406,0.8398204729,2.52839567905,6.33439058815,74.48492853795,50.746598788,"Lower"
"USF23",2024-09-11,11,"tributary",3.44,0.79,7.76,0.94,10.05,1.99,1.75,3.85,0.7,2.21,4.81,4.212706148,NA,NA,1428947,2690.494140625,3086.79092391655,25.0703177822853,147.104124408384,777.821140834263,14.49170914912,3.32803785692,0.03269059970848,3.95994377912,0.0423376967874,8.38328523452,7.372235759,16.2189186698,2.9488943036,9.31008058708,20.26311657188,NA,NA,"Lower"
"USF24",2024-09-11,11,"tributary",3.99,0.08,7.29,0.35,9.3,1.8,1.31,2.66,0.39,2.22,5.43,2.299042504,NA,NA,1484873,2435.66015625,2787.18243372501,28.3868232224397,238.981082844097,674.086995442708,9.17317959096,0.18392340032,0.01676001985416,0.8046648764,0.0213810952872,4.1382765072,3.01174568024,6.11545306064,0.89662657656,5.10387435888,12.48380079672,NA,NA,"Lower"
"USF25",2024-09-11,11,"tributary",3.86,0.0025,11.55,0.22,4.38,1.8,1.36,3.71,0.3,2.93,6.41,0.543696806,NA,NA,1144825,2462.53588867188,2740.84506376351,26.82910321489,244.672588832487,664.988006591797,2.09866967116,0.001359242015,0.0062796981093,0.11961329732,0.00238139201028,0.9786542508,0.73942765616,2.01711515026,0.1631090418,1.59303164158,3.48509652646,NA,NA,"Lower"
"USF26",2024-09-11,11,"tributary",3.73,0.0025,9.89,0.17,5.66,2.14,1.69,5.01,0.46,3.45,6.8,0.881923718,NA,NA,429695.9,2509.60693359375,2742.38028022268,23.8561797752809,260.638202247191,664.60302734375,3.28957546814,0.002204809295,0.00872222557102,0.14992703206,0.00499168824388,1.88731675652,1.49045108342,4.41843782718,0.40568491028,3.0426368271,5.9970812824,NA,NA,"Lower"
"USF13",2024-09-12,11,"tributary",2.91,0.0025,4.68,0.14,4.28,1,0.4,1.4,0.29,0.92,3.07,7.457131176,NA,NA,756190.5,3346.15185546875,3508.61338541349,21.2959183673469,124.625,1007.70300292969,21.70025172216,0.01864282794,0.03489937390368,1.04399836464,0.03191652143328,7.457131176,2.9828524704,10.4399836464,2.16256804104,6.86056068192,22.89339271032,NA,NA,"Upper"
"USF14",2024-09-12,11,"mainstem",2.46,0.01,7.76,0.2,5.84,0.98,0.455,1.435,0.415,1.45,2.12,26.20773165,NA,NA,2026488,3312.0263671875,3542.68702324341,20.1442857142857,214.863333333333,1013.8125,64.471019859,0.2620773165,0.203371997604,5.24154633,0.153053152836,25.683577017,11.92451790075,37.60809491775,10.87620863475,38.0012108925,55.560391098,NA,NA,"Upper"
"USF15",2024-09-12,11,"mainstem",1.975,0.0025,7.995,0.18,4.55,0.865,0.325,1.11,0.38,0.76,1.84,4.446832383,NA,NA,848920.2,3397.44995117188,3583.19656563842,22.3943181818182,175.984090909091,1022.59750366211,8.782493956425,0.0111170809575,0.035552424902085,0.80042982894,0.02023308734265,3.846510011295,1.445220524475,4.93598394513,1.68979630554,3.37959261108,8.18217158472,NA,NA,"Upper"
"USF16",2024-09-12,11,"tributary",2.15,0.02,8,0.23,13.68,0.92,0.42,1.2,0.4,0.61,1.87,9.776280569,NA,NA,387371.4,3391.83813476562,3535.44025880651,17.3737623762376,225.618811881188,1002.35198974609,21.01900322335,0.19552561138,0.078210244552,2.24854453087,0.13373951818392,8.99417812348,4.10603783898,11.7315366828,3.9105122276,5.96353114709,18.28164466403,NA,NA,"Upper"
"USF17",2024-09-12,11,"tributary",1.95,0.0025,7.05,0.14,4.6,1.08,0.67,1.9,0.48,0.95,3.58,NA,NA,NA,219441.8,3363.90771484375,0,0,0,0,NA,NA,NA,NA,NA,NA,NA,NA,NA,NA,NA,NA,NA,"Upper"
"USF18",2024-09-12,11,"tributary",2.84,0.0025,5.39,0.19,2.36,1.1,0.63,1.62,0.41,1,3.5,NA,23.3,12.4,114357,3378.46337890625,3498.18632717918,20.3162393162393,249.153846153846,1002.35198974609,NA,NA,NA,NA,NA,NA,NA,NA,NA,NA,NA,NA,NA,"Upper"
"USF19",2024-09-12,11,"mainstem",1.47,0.02,8.47,0.265,9.72,0.995,0.315,1.41,0.55,0.79,2.505,2.296757166,NA,NA,118050.3,3528.0107421875,3611.40366062396,23.2380952380952,182.428571428571,1022.36499023438,3.37623303402,0.04593514332,0.01945353319602,0.60864064899,0.02232447965352,2.28527338017,0.72347850729,3.23842760406,1.2632164413,1.81443816114,5.75337670083,NA,NA,"Upper"
"USF21",2024-09-12,11,"mainstem",2.685,0.03,3.615,0.2,3.915,1.035,0.45,1.435,0.405,0.765,2.69,33.64553722,NA,NA,2818745,3305.72265625,3530.71396761165,20.2822884549503,190.028434395341,1013.8125,90.3382674357,1.0093661166,0.1216286170503,6.729107444,0.1317222782163,34.8231310227,15.140491749,48.2813459107,13.6264425741,25.7388359733,90.5064951218,NA,NA,"Upper"
"USF28",2024-09-12,11,"tributary",1.93,0.18,10.36,0.34,15.97,0.99,0.73,2.3,0.51,1.51,4.99,0.552373345,NA,NA,56663.36,3335.6884765625,3489.36516627052,21.9310344827586,275.396551724138,960.5419921875,1.06608055585,0.0994272021,0.0057225878542,0.1878069373,0.00882140231965,0.54684961155,0.40323254185,1.2704586935,0.28171040595,0.83408375095,2.75634299155,NA,NA,"Upper"
"USF29",2024-09-12,11,"tributary",3.69,0.0025,7.29,0.13,10.21,0.74,0.6,1.98,0.72,2.03,1.55,NA,NA,NA,71086.77,3368.57275390625,3576.72503219367,22.36,277.306666666667,1002.35198974609,NA,NA,NA,NA,NA,NA,NA,NA,NA,NA,NA,NA,NA,"Upper"
"USF31",2024-09-12,11,"tributary",2.89,0.02,7.22,0.23,10.62,0.71,0.3,1.35,0.4,0.66,2.5,NA,12.87,6.1,252856.1,3473.861328125,3563.78565764366,22.3257575757576,122.280303030303,984.632995605469,NA,NA,NA,NA,NA,NA,NA,NA,NA,NA,NA,NA,NA,"Upper"
"USF09",2024-09-25,12,"tributary",1.82,0.39,6.75,0.55,14.96,1.24,0.91,3.15,0.72,1.24,4.21,17.26848738,NA,NA,1941988,2945.677734375,3246.68948662766,20.2136115250869,132.722801788376,875.391186523437,31.4286470316,6.7347100782,0.116562289815,9.497668059,0.2583365712048,21.4129243512,15.7143235158,54.395735247,12.4333109136,21.4129243512,72.7003318698,NA,NA,"Upper"
"USF10",2024-09-25,12,"mainstem",2.34,0.1,5.22,0.375,10.38,1,0.71,2.125,0.545,1.365,4.15,NA,NA,NA,6404955,2896.12939453125,3385.07376549216,21.232056694813,188.577653799759,938.930500030518,NA,NA,NA,NA,NA,NA,NA,NA,NA,NA,NA,NA,NA,"Upper"
"USF11",2024-09-25,12,"tributary",1.14,0.17,4.17,0.34,16.14,1.41,1.24,3,0.69,1.64,5.3,29.36598193,NA,NA,5003890,2828.42114257812,3199.56170539918,22.8216216216216,220.928185328185,878.860406494141,33.4772194002,4.9922169281,0.1224561446481,9.9844338562,0.4739669483502,41.4060345213,36.4138175932,88.09794579,20.2625275317,48.1602103652,155.639704229,NA,NA,"Upper"
"USF12",2024-09-25,12,"mainstem/outlet",2.47,0.06,6.515,0.27,5.995,1.13,0.95,2.765,0.68,1.645,5.29,98.259296,3.09,1.3,35878093,2411.90844726562,2988.33347345201,23.7142546245919,194.043960826986,779.146704673767,242.70046112,5.89555776,0.64015931344,26.53000992,0.58906447952,111.03300448,93.3463312,271.68695344,66.81632128,161.63654192,519.79167584,303.62122464,127.7370848,"Lower"
"USF20",2024-09-25,12,"mainstem",2.055,0.13,8.22,0.325,4.62,1.05,0.93,2.565,0.63,1.5,4.905,93.1712963,4.4,1.7,19141915,2651.27734375,3197.32970971598,22.4386318922464,190.326388538566,878.11255730523,191.4670138965,12.112268519,0.765868055586,30.2806712975,0.430451388906,97.829861115,86.649305559,238.9843750095,58.697916669,139.75694445,457.0052083515,409.95370372,158.39120371,"Lower"
"USF12",2024-10-16,12,"mainstem/outlet",2.18,0.03,6.755,0.24,4.7,1.21,0.995,2.855,0.375,1.695,5.235,62.580128,2.15,1,35878093,2411.90844726562,2988.33347345201,23.7142546245919,194.043960826986,779.146704673767,136.42467904,1.87740384,0.42272876464,15.01923072,0.2941266016,75.72195488,62.26722736,178.66626544,23.467548,106.07331696,327.60697008,134.5472752,62.580128,"Lower"
"USF20",2024-10-16,12,"mainstem",1.75,0.11,12.865,0.315,10.425,1.995,0.955,2.99,0.45,1.545,4.74,61.88275819,2.86,0.9,19141915,2651.27734375,3197.32970971598,22.4386318922464,190.326388538566,878.11255730523,108.2948268325,6.8071034009,0.79612168411435,19.49306882985,0.64512775413075,123.45610258905,59.09803407145,185.0294469881,27.8472411855,95.60886140355,293.3242738206,176.9846884234,55.694482371,"Lower"
"USF03",2024-10-24,13,"mainstem",4.61,0.135,8.28,0.305,9.44,1.945,1.005,2.81,0.44,1.65,4.965,179.0444101,2.88,2.3,28885655,2502.49096679688,3072.03630740161,23.2148992346512,186.345643527957,815.08309173584,825.394730561,24.1709953635,1.482487715628,54.6085450805,1.690179231344,348.2413776445,179.9396321505,503.114792381,78.779540444,295.423276665,888.9554961465,515.647901088,411.80214323,"Lower"
"USF04",2024-10-24,13,"tributary",10.86,0.0025,6.52,0.33,15.11,2.58,1.63,4.94,0.81,3.95,9.85,1.309296054,20,13,1855105,2573.9287109375,2830.5148714563,24.6824324324324,146.962058212058,712.785003662109,14.21895514644,0.003273240135,0.00853661027208,0.43206769782,0.01978346337594,3.37798381932,2.13415256802,6.46792250676,1.06052980374,5.1717194133,12.8965661319,26.18592108,17.020848702,"Lower"
"USF05",2024-10-24,13,"mainstem",4.47,0.125,10.87,0.335,10.27,3.05,0.97,3.24,0.8,2.005,4.62,166.1921567,NA,NA,25453951,2573.51733398438,3121.35208079035,23.0122866894198,187.317709518392,839.510688781738,742.878940449,20.7740195875,1.806508743329,55.6743724945,1.706793449309,506.886077935,161.206391999,538.462587708,132.95372536,333.2152741835,767.807763954,NA,NA,"Lower"
"USF07",2024-10-24,13,"tributary",5.85,0.24,7.46,0.49,10.23,2.69,1.71,4.37,1.09,2.28,5.95,4.546932,NA,NA,2296412,2663.60424804688,3042.24856083357,24.6568544995795,141.834735071489,772.661750793457,26.5995522,1.09126368,0.03392011272,2.22799668,0.04651511436,12.23124708,7.77525372,19.87009284,4.95615588,10.36700496,27.0542454,NA,NA,"Lower"
"USF12",2024-10-24,13,"mainstem/outlet",5.705,0.045,8.805,0.365,3.06,1.82,1.06,2.925,0.76,1.875,5.44,201.898784,4.25,3.7,35878093,2411.90844726562,2988.33347345201,23.7142546245919,194.043960826986,779.146704673767,1151.83256272,9.08544528,1.77771879312,73.69305616,0.61781027904,367.45578688,214.01271104,590.5539432,153.44307584,378.56022,1098.32938496,858.069832,747.0255008,"Lower"
"USF20",2024-10-24,13,"mainstem",4.045,0.095,8.485,0.325,5.665,1.9,0.925,2.565,0.76,1.6,4.335,247.8148029,3.61,1.5,19141915,2651.27734375,3197.32970971598,22.4386318922464,190.326388538566,878.11255730523,1002.4108777305,23.5424062755,2.1027086026065,80.5398109425,1.4038708584285,470.84812551,229.2286926825,635.6449694385,188.339250204,396.50368464,1074.2771705715,894.611438469,371.72220435,"Lower"
"USF22",2024-10-24,13,"tributary",7.34,0.0025,16.39,0.35,18.45,2.99,1.81,5.05,1.1,2.82,7.17,NA,10.24,4.2,685111.6,2692.62109375,3013.30642167898,24.1139240506329,131.36005625879,758.648742675781,NA,NA,NA,NA,NA,NA,NA,NA,NA,NA,NA,NA,NA,"Lower"
"USF23",2024-10-24,13,"tributary",5.65,0.46,23.68,0.7,11.43,3.6,1.72,4.05,2.25,2.44,5.25,NA,2.56,0.6,1428947,2690.494140625,3086.79092391655,25.0703177822853,147.104124408384,777.821140834263,NA,NA,NA,NA,NA,NA,NA,NA,NA,NA,NA,NA,NA,"Lower"
"USF24",2024-10-24,13,"tributary",7.29,0.0025,10.28,0.23,5.05,1.79,1.44,2.5,0.43,1.72,5.93,NA,1.65,0.8,1484873,2435.66015625,2787.18243372501,28.3868232224397,238.981082844097,674.086995442708,NA,NA,NA,NA,NA,NA,NA,NA,NA,NA,NA,NA,NA,"Lower"
"USF25",2024-10-24,13,"tributary",6.27,0.0025,11.93,0.21,3.33,1.58,1.51,3,0.48,2.11,5.33,NA,1.2,0,1144825,2462.53588867188,2740.84506376351,26.82910321489,244.672588832487,664.988006591797,NA,NA,NA,NA,NA,NA,NA,NA,NA,NA,NA,NA,NA,"Lower"
"USF26",2024-10-24,13,"tributary",31.15,0.0025,6.76,0.49,12.47,3.19,1.81,5.2,0.33,2.55,6.76,NA,NA,NA,429695.9,2509.60693359375,2742.38028022268,23.8561797752809,260.638202247191,664.60302734375,NA,NA,NA,NA,NA,NA,NA,NA,NA,NA,NA,NA,NA,"Lower"
"USF09",2025-04-03,14,"tributary",2.1,0.53,2,0.56,6.29,1.53,0.9,3.15,0.76,1.56,4.76,5.498333435,3.64,1.4,1941988,2945.677734375,3246.68948662766,20.2136115250869,132.722801788376,875.391186523437,11.5465002135,2.91411672055,0.01099666687,3.0790667236,0.03458451730615,8.41245015555,4.9485000915,17.31975032025,4.1787334106,8.5774001586,26.1720671506,20.0139337034,7.697666809,"Upper"
"USF10",2025-04-03,14,"mainstem",2.975,0.27,2,0.42,2.575,0.84,0.795,1.78,0.385,1.045,4.385,43.84845355,4.33,1.3,6404955,2896.12939453125,3385.07376549216,21.232056694813,188.577653799759,938.930500030518,130.44914931125,11.8390824585,0.0876969071,18.416350491,0.11290976789125,36.832700982,34.85952057225,78.050247319,16.88165461675,45.82163395975,192.27546881675,189.8638038715,57.002989615,"Upper"
"USF11",2025-04-03,14,"tributary",1.29,0.3,2,0.47,3.12,1.06,1.32,2.55,0.46,1.59,5.43,18.43843061,5.31,2.8,5003890,2828.42114257812,3199.56170539918,22.8216216216216,220.928185328185,878.860406494141,23.7855754869,5.531529183,0.03687686122,8.6660623867,0.0575279035032,19.5447364466,24.3387284052,47.0179980555,8.4816780806,29.3171046699,100.1206782123,97.9080665391,51.627605708,"Upper"
"USF12",2025-04-03,14,"mainstem/outlet",2.635,0.175,2,0.39,8.97,1.14,1.22,2.745,0.605,1.685,5.085,53.518752,4.09,1.1,35878093,2411.90844726562,2988.33347345201,23.7142546245919,194.043960826986,779.146704673767,141.02191152,9.3657816,0.107037504,20.87231328,0.48006320544,61.01137728,65.29287744,146.90897424,32.37884496,90.17909712,272.14285392,218.89169568,58.8706272,"Lower"
"USF32",2025-04-03,14,"tributary",2.28,0.13,9.73,0.32,12.54,1.3,1.31,2.89,0.49,1.68,4.56,NA,15.26,5.2,629623.3,2951.82958984375,3164.49782276643,25.2006172839506,152.069444444444,822.634490966797,NA,NA,NA,NA,NA,NA,NA,NA,NA,NA,NA,NA,NA,"Upper"
"USF33",2025-04-03,14,"tributary",3.18,0.91,11.35,1.1,20.17,1.95,1.41,3.1,0.91,1.38,3.98,NA,23.97,8.4,969305.5,2894.36010742188,3227.82693269126,27.9360639360639,138.663336663337,829.363006591797,NA,NA,NA,NA,NA,NA,NA,NA,NA,NA,NA,NA,NA,"Upper"
"USF03",2025-04-10,15,"mainstem",2.67,0.19,2,0.365,3.3,1.09,1.07,2.615,0.565,1.695,4.56,73.20770617,24.51,7.7,28885655,2502.49096679688,3072.03630740161,23.2148992346512,186.345643527957,815.08309173584,195.4645754739,13.9094641723,0.14641541234,26.72081275205,0.241585430361,79.7963997253,78.3322456019,191.43815163455,41.36235398605,124.08706195815,333.8271401352,1794.3208782267,563.699337509,"Lower"
"USF04",2025-04-10,15,"tributary",4.9,0.0025,2,0.11,15.28,2.07,2.82,5.77,0.39,3.66,8.93,0.373253733,29.43,9.7,1855105,2573.9287109375,2830.5148714563,24.6824324324324,146.962058212058,712.785003662109,1.8289432917,0.0009331343325,0.000746507466,0.04105791063,0.00570331704024,0.77263522731,1.05257552706,2.15367403941,0.14556895587,1.36610866278,3.33315583569,10.98485736219,3.6205612101,"Lower"
"USF05",2025-04-10,15,"mainstem",2.735,0.23,2,0.44,3.18,2.065,1.04,2.46,0.32,1.88,4.08,68.7460799,8.51,1.3,25453951,2573.51733398438,3121.35208079035,23.0122866894198,187.317709518392,839.510688781738,188.0205285265,15.811598377,0.1374921598,30.248275156,0.218612534082,141.9606549935,71.495923096,169.115356554,21.998745568,129.242630212,280.484005992,585.029139949,89.36990387,"Lower"
"USF07",2025-04-10,15,"tributary",4.43,0.77,2,1.02,18.04,1.73,2.04,3.76,0.76,2.01,4.98,3.157754255,14.07,2,2296412,2663.60424804688,3042.24856083357,24.6568544995795,141.834735071489,772.661750793457,13.98885134965,2.43147077635,0.00631550851,3.2209093401,0.0569658867602,5.46291486115,6.4418186802,11.8731559988,2.3998932338,6.34708605255,15.7256161899,44.42960236785,6.31550851,"Lower"
"USF12",2025-04-10,15,"mainstem/outlet",2.67,0.14,3.965,0.46,1.42,1.125,1.14,2.65,0.46,1.845,4.435,84.100896,11.15,1.7,35878093,2411.90844726562,2988.33347345201,23.7142546245919,194.043960826986,779.146704673767,224.54939232,11.77412544,0.33346005264,38.68641216,0.11942327232,94.613508,95.87502144,222.8673744,38.68641216,155.16615312,372.98747376,937.7249904,142.9715232,"Lower"
"USF20",2025-04-10,15,"mainstem",2.72,0.175,3.195,0.39,5.45,0.99,0.985,2.32,0.3,1.62,4.22,64.62010426,6.41,1.3,19141915,2651.27734375,3197.32970971598,22.4386318922464,190.326388538566,878.11255730523,175.7666835872,11.3085182455,0.2064612331107,25.2018406614,0.352179568217,63.9739032174,63.6508026961,149.9186418832,19.386031278,104.6845689012,272.6968399772,414.2148683066,84.006135538,"Lower"
"USF22",2025-04-10,15,"tributary",5.44,0.0025,2,0.18,16.65,2.52,2.5,4.18,0.36,2.45,6.32,0.548083894,22.24,4.1,685111.6,2692.62109375,3013.30642167898,24.1139240506329,131.36005625879,758.648742675781,2.98157638336,0.001370209735,0.001096167788,0.09865510092,0.0091255968351,1.38117141288,1.370209735,2.29099067692,0.19731020184,1.3428055403,3.46389021008,12.18938580256,2.2471439654,"Lower"
"USF23",2025-04-10,15,"tributary",3.89,1.08,2,1.28,18.16,2.07,1.93,3.96,1.04,2.18,4.85,2.612620586,16.66,3.7,1428947,2690.494140625,3086.79092391655,25.0703177822853,147.104124408384,777.821140834263,10.16309407954,2.82163023288,0.005225241172,3.34415435008,0.04744518984176,5.40812461302,5.04235773098,10.34597752056,2.71712540944,5.69551287748,12.6712098421,43.52625896276,9.6666961682,"Lower"
"USF24",2025-04-10,15,"tributary",3.87,0.09,2,0.37,6.49,1.37,2.08,2.56,0.59,2.17,5.03,NA,42.2,18.6,1484873,2435.66015625,2787.18243372501,28.3868232224397,238.981082844097,674.086995442708,NA,NA,NA,NA,NA,NA,NA,NA,NA,NA,NA,NA,NA,"Lower"
"USF25",2025-04-10,15,"tributary",3.11,0.0025,2,0.19,3.16,1.22,2.27,3.03,0.19,2.67,5.81,NA,35.07,12,1144825,2462.53588867188,2740.84506376351,26.82910321489,244.672588832487,664.988006591797,NA,NA,NA,NA,NA,NA,NA,NA,NA,NA,NA,NA,NA,"Lower"
"USF26",2025-04-10,15,"tributary",3.01,0.0025,18.9,0.11,6.84,1.84,2.02,4.79,0.02,2.23,5.97,NA,21.91,2.7,429695.9,2509.60693359375,2742.38028022268,23.8561797752809,260.638202247191,664.60302734375,NA,NA,NA,NA,NA,NA,NA,NA,NA,NA,NA,NA,NA,"Lower"
"USF03",2025-06-12,16,"mainstem",3.085,0.1,10.835,0.265,9.675,1.03,0.885,2.33,0.67,1.445,4.615,149.3421481,6.44,2,28885655,2502.49096679688,3072.03630740161,23.2148992346512,186.345643527957,815.08309173584,460.7205268885,14.93421481,1.6181221746635,39.5756692465,1.4448852828675,153.822412543,132.1678010685,347.967205073,100.059239227,215.7994040045,689.2140134815,961.763433764,298.6842962,"Lower"
"USF04",2025-06-12,16,"tributary",6.1,0.0025,2,0.13,9.92,2.3,2.86,6.18,0.89,4.4,10.51,0.427482715,22.46,5,1855105,2573.9287109375,2830.5148714563,24.6824324324324,146.962058212058,712.785003662109,2.6076445615,0.0010687067875,0.00085496543,0.05557275295,0.0042406285328,0.9832102445,1.2226005649,2.6418431787,0.38045961635,1.880923946,4.49284333465,9.6012617789,2.137413575,"Lower"
"USF05",2025-06-12,16,"mainstem",3.17,0.105,2,0.26,6.635,0.89,0.855,2.21,0.655,1.725,4.08,128.5176299,5.58,2.3,25453951,2573.51733398438,3121.35208079035,23.0122866894198,187.317709518392,839.510688781738,407.400886783,13.4943511395,0.2570352598,33.414583774,0.8527144743865,114.380690611,109.8825735645,284.023962079,84.1790475845,221.6929115775,524.351929992,717.128374842,295.59054877,"Lower"
"USF07",2025-06-12,16,"tributary",4.84,0.43,13.33,0.61,15.57,1.58,1.94,3.81,0.99,1.93,5.52,3.573653083,6.49,2.5,2296412,2663.60424804688,3042.24856083357,24.6568544995795,141.834735071489,772.661750793457,17.29648092172,1.53667082569,0.04763679559639,2.17992838063,0.05564177850231,5.64637187114,6.93288698102,13.61561824623,3.53791655217,6.89715045019,19.72656501816,23.19300850867,8.9341327075,"Lower"
"USF12",2025-06-12,16,"mainstem/outlet",3.265,0.06,3.15,0.205,10.49,1.26,0.895,2.445,0.75,1.68,4.605,136.486976,7.22,0.8,35878093,2411.90844726562,2988.33347345201,23.7142546245919,194.043960826986,779.146704673767,445.62997664,8.18921856,0.4299339744,27.97983008,1.43174837824,171.97358976,122.15584352,333.71065632,102.365232,229.29811968,628.52252448,985.43596672,109.1895808,"Lower"
"USF20",2025-06-12,16,"mainstem",3.015,0.07,3.59,0.245,9.46,0.965,0.825,2.195,0.695,1.33,4.06,125.9670961,NA,NA,19141915,2651.27734375,3197.32970971598,22.4386318922464,190.326388538566,878.11255730523,379.7907947415,8.817696727,0.452221874999,30.8619385445,1.191648729106,121.5582477365,103.9228542825,276.4977759395,87.5471317895,167.536237813,511.426410166,NA,NA,"Lower"
"USF22",2025-06-12,16,"tributary",5.68,0.0025,2,0.17,13.2,1.85,2.31,4.4,1.17,2.62,7.33,0.575737957,12.93,2.3,685111.6,2692.62109375,3013.30642167898,24.1139240506329,131.36005625879,758.648742675781,3.27019159576,0.0014393448925,0.001151475914,0.09787545269,0.0075997410324,1.06511522045,1.32995468067,2.5332470108,0.67361340969,1.50843344734,4.22015922481,7.44429178401,1.3241973011,"Lower"
"USF23",2025-06-12,16,"tributary",4.24,0.6,2,0.72,8.42,1.56,1.88,3.87,0.85,1.35,4.34,2.239367747,25.19,4,1428947,2690.494140625,3086.79092391655,25.0703177822853,147.104124408384,777.821140834263,9.49491924728,1.3436206482,0.004478735494,1.61234477784,0.01885547642974,3.49341368532,4.21001136436,8.66635318089,1.90346258495,3.02314645845,9.71885602198,56.40967354693,8.957470988,"Lower"
"USF24",2025-06-12,16,"tributary",4.58,0.13,4.21,0.27,22.75,1.65,1.66,2.78,0.66,2.09,7.74,1.382038978,23.2,10.8,1484873,2435.66015625,2787.18243372501,28.3868232224397,238.981082844097,674.086995442708,6.32973851924,0.17966506714,0.00581838409738,0.37315052406,0.0314413867495,2.2803643137,2.29418470348,3.84206835884,0.91214572548,2.88846146402,10.69698168972,32.0633042896,14.9260209624,"Lower"
"USF25",2025-06-12,16,"tributary",3.09,0.0025,2,0.11,7.27,1.16,1.74,3.66,0.53,2.82,7.67,NA,58.58,24.8,1144825,2462.53588867188,2740.84506376351,26.82910321489,244.672588832487,664.988006591797,NA,NA,NA,NA,NA,NA,NA,NA,NA,NA,NA,NA,NA,"Lower"
"USF26",2025-06-12,16,"tributary",3.56,0.0025,5.53,0.14,9.89,1.89,2.07,5.29,0.52,3.67,7.55,NA,73.92,9.5,429695.9,2509.60693359375,2742.38028022268,23.8561797752809,260.638202247191,664.60302734375,NA,NA,NA,NA,NA,NA,NA,NA,NA,NA,NA,NA,NA,"Lower"
"USF13",2025-06-13,16,"tributary",3.7,0.03,2,0.16,4.56,0.77,0.45,1.43,0.54,1.4,2.78,9.366530451,3.63,0.9,756190.5,3346.15185546875,3508.61338541349,21.2959183673469,124.625,1007.70300292969,34.6561626687,0.28099591353,0.018733060902,1.49864487216,0.04271137885656,7.21222844727,4.21493870295,13.39413854493,5.05792644354,13.1131426314,26.03895465378,34.00050553713,8.4298774059,"Upper"
"USF14",2025-06-13,16,"mainstem",3.17,0.015,3.155,0.25,6.98,0.92,0.51,1.625,0.52,1.165,2.88,34.60994085,6.37,0.9,2026488,3312.0263671875,3542.68702324341,20.1442857142857,214.863333333333,1013.8125,109.7135124945,0.51914911275,0.10919436338175,8.6524852125,0.241577387133,31.841145582,17.6510698335,56.24115388125,17.997169242,40.32058109025,99.676629648,220.4653232145,31.148946765,"Upper"
"USF15",2025-06-13,16,"mainstem",2.545,0.00625,2,0.24,5.545,0.82,0.38,1.4,0.48,0.83,2.665,7.452759196,5.13,1.1,848920.2,3397.44995117188,3583.19656563842,22.3943181818182,175.984090909091,1022.59750366211,18.96727215382,0.046579744975,0.014905518392,1.78866220704,0.04132554974182,6.11126254072,2.83204849448,10.4338628744,3.57732441408,6.18579013268,19.86160325734,38.23265467548,8.1980351156,"Upper"
"USF16",2025-06-13,16,"tributary",2.86,0.02,18.18,0.23,10.03,0.74,0.47,1.3,0.54,0.71,2.7,10.50927289,8.14,1.7,387371.4,3391.83813476562,3535.44025880651,17.3737623762376,225.618811881188,1002.35198974609,30.0565204654,0.2101854578,0.1910585811402,2.4171327647,0.1054080070867,7.7768619386,4.9393582583,13.662054757,5.6750073606,7.4615837519,28.375036803,85.5454813246,17.865763913,"Upper"
"USF17",2025-06-13,16,"tributary",2.15,0.07,2,0.25,9.01,0.79,0.74,1.74,0.63,1.01,4.14,0.600961574,39.66,18,219441.8,3363.90771484375,0,0,0,0,1.2920673841,0.04206731018,0.001201923148,0.1502403935,0.00541466378174,0.47475964346,0.44471156476,1.04567313876,0.37860579162,0.60697118974,2.48798091636,23.83413602484,10.817308332,"Upper"
"USF18",2025-06-13,16,"tributary",3.51,0.01,2,0.24,5.41,0.65,0.65,1.42,0.5,0.99,3.9,5.48719811,5.12,0.9,114357,3378.46337890625,3498.18632717918,20.3162393162393,249.153846153846,1002.35198974609,19.2600653661,0.0548719811,0.01097439622,1.3169275464,0.0296857417751,3.5666787715,3.5666787715,7.7918213162,2.743599055,5.4323261289,21.400072629,28.0944543232,4.938478299,"Upper"
"USF19",2025-06-13,16,"mainstem",1.86,0.025,2,0.255,10.57,0.49,0.27,1.315,0.63,0.83,3.085,2.49445408,7.69,4.5,118050.3,3528.0107421875,3611.40366062396,23.2380952380952,182.428571428571,1022.36499023438,4.6396845888,0.062361352,0.00498890816,0.6360857904,0.0263663796256,1.2222824992,0.6735026016,3.2802071152,1.5715060704,2.0703968864,7.6953908368,19.1823518752,11.22504336,"Upper"
"USF21",2025-06-13,16,"mainstem",3.17,0.01,2,0.21,15.295,0.505,0.485,1.255,0.43,0.82,3.03,2.716891001,8.81,3.8,2818745,3305.72265625,3530.71396761165,20.2822884549503,190.028434395341,1013.8125,8.61254447317,0.02716891001,0.005433782002,0.57054711021,0.041554847860295,1.372029955505,1.317692135485,3.409698206255,1.16826313043,2.22785062082,8.23217973303,23.93580971881,10.3241858038,"Upper"
"USF28",2025-06-13,16,"tributary",6.47,0.0025,2,0.23,3.56,0.52,0.67,1.43,0.45,0.86,3.13,1.231768215,21.86,4.3,56663.36,3335.6884765625,3489.36516627052,21.9310344827586,275.396551724138,960.5419921875,7.96954035105,0.0030794205375,0.00246353643,0.28330668945,0.0043850948454,0.6405194718,0.82528470405,1.76142854745,0.55429569675,1.0593206649,3.85543451295,26.9264531799,5.2966033245,"Upper"
"USF29",2025-06-13,16,"tributary",2.48,0.14,2,0.31,8.26,0.87,0.74,2.01,0.53,1.2,4.01,2.95793583,3.35,1.5,71086.77,3368.57275390625,3576.72503219367,22.36,277.306666666667,1002.35198974609,7.3356808584,0.4141110162,0.00591587166,0.9169601073,0.0244325499558,2.5734041721,2.1888725142,5.9454510183,1.5677059899,3.549522996,11.8613226783,9.9090850305,4.436903745,"Upper"
"USF31",2025-06-13,16,"tributary",3.71,0.02,2,0.25,3.31,0.53,0.33,1.18,0.54,0.79,2.43,3.066450964,8.57,2.1,252856.1,3473.861328125,3563.78565764366,22.3257575757576,122.280303030303,984.632995605469,11.37653307644,0.06132901928,0.006132901928,0.766612741,0.01014995269084,1.62521901092,1.01192881812,3.61841213752,1.65588352056,2.42249626156,7.45147584252,26.27948476148,6.4395470244,"Upper"
"USF03",2025-06-30,17,"mainstem",3.25,0.105,7.255,0.29,7.6,1.425,0.87,2.63,0.8,1.575,5.15,103.9351621,7.99,3.1,28885655,2502.49096679688,3072.03630740161,23.2148992346512,186.345643527957,815.08309173584,337.789276825,10.9131920205,0.7540496010355,30.141197009,0.78990723196,148.1076059925,90.423591027,273.349476323,83.14812968,163.6978803075,535.266084815,830.441945179,322.19900251,"Lower"
"USF12",2025-06-30,17,"mainstem/outlet",3.72,0.05,3.415,0.25,5.405,1.365,0.88,2.62,0.805,1.755,5.575,108.170176,6.48,2.7,35878093,2411.90844726562,2988.33347345201,23.7142546245919,194.043960826986,779.146704673767,402.39305472,5.4085088,0.36940115104,27.042544,0.58465980128,147.65229024,95.18975488,283.40586112,87.07699168,189.83865888,603.0487312,700.94274048,292.0594752,"Lower"
"USF24",2025-06-30,17,"tributary",4.92,0.09,2,0.29,12.46,1.96,1.4,2.75,0.71,1.7,5.6,5.620305624,8.72,1.8,1484873,2435.66015625,2787.18243372501,28.3868232224397,238.981082844097,674.086995442708,27.65190367008,0.50582750616,0.011240611248,1.62988863096,0.07002900807504,11.01579902304,7.8684278736,15.455840466,3.99041699304,9.5545195608,31.4737114944,49.00906504128,10.1165501232,"Lower"
"USF25",2025-06-30,17,"tributary",3.8,0.0025,4.39,0.17,11.63,1.66,1.61,3.82,0.6,3.3,7.82,1.26632532,12.01,3.3,1144825,2462.53588867188,2740.84506376351,26.82910321489,244.672588832487,664.988006591797,4.812036216,0.0031658133,0.0055591681548,0.2152753044,0.0147273634716,2.1021000312,2.0387837652,4.8373627224,0.759795192,4.178873556,9.9026640024,15.2085670932,4.178873556,"Lower"
"USF26",2025-06-30,17,"tributary",3.43,0.0025,2,0.15,11.44,2.42,1.98,5.76,0.84,4.24,8.75,0.281487381,9.11,1.5,429695.9,2509.60693359375,2742.38028022268,23.8561797752809,260.638202247191,664.60302734375,0.96550171683,0.0007037184525,0.000562974762,0.04222310715,0.00322021563864,0.68119946202,0.55734501438,1.62136731456,0.23644940004,1.19350649544,2.46301458375,2.56435004091,0.4222310715,"Lower"
"USF03",2025-07-07,18,"mainstem",2.985,0.09,NA,0.235,12.44,0.755,0.925,2.425,0.685,1.545,5.34,100.2820881,4.97,4.6,28885655,2502.49096679688,3072.03630740161,23.2148992346512,186.345643527957,815.08309173584,299.3420329785,9.025387929,NA,23.5662907035,1.247509175964,75.7129765155,92.7609314925,243.1840636425,68.6932303485,154.9358261145,535.506350454,498.401977857,461.29760526,"Lower"
"USF04",2025-07-07,18,"tributary",5.9,0.0025,NA,0.15,16.55,2.22,2.76,6.94,1.45,6.26,13.72,0.610647145,21.35,5,1855105,2573.9287109375,2830.5148714563,24.6824324324324,146.962058212058,712.785003662109,3.6028181555,0.0015266178625,NA,0.09159707175,0.01010621024975,1.3556366619,1.6853861202,4.2378911863,0.88543836025,3.8226511277,8.3780788294,13.03731654575,3.053235725,"Lower"
"USF05",2025-07-07,18,"mainstem",2.91,0.095,NA,0.235,10.2,0.72,0.935,2.345,0.83,2.07,5.09,95.95817449,6.71,2.6,25453951,2573.51733398438,3121.35208079035,23.0122866894198,187.317709518392,839.510688781738,279.2382877659,9.11602657655,NA,22.55017100515,0.978773379798,69.0898856328,89.72089314815,225.02191917905,79.6452848267,198.6334211943,488.4271081541,643.8793508279,249.491253674,"Lower"
"USF07",2025-07-07,18,"tributary",4.73,0.31,NA,0.51,11.59,1.26,1.77,3.81,1.18,2.22,6.32,3.946557444,13.64,3.5,2296412,2663.60424804688,3042.24856083357,24.6568544995795,141.834735071489,772.661750793457,18.66721671012,1.22343280764,NA,2.01274429644,0.04574060077596,4.97266237944,6.98540667588,15.03638386164,4.65693778392,8.76135752568,24.94224304608,53.83104353616,13.812951054,"Lower"
"USF12",2025-07-07,18,"mainstem/outlet",3.22,0.05,NA,0.195,8.28,0.8,0.94,2.47,0.87,1.92,5.495,103.073152,6.93,5.5,35878093,2411.90844726562,2988.33347345201,23.7142546245919,194.043960826986,779.146704673767,331.89554944,5.1536576,NA,20.09926464,0.85344569856,82.4585216,96.88876288,254.59068544,89.67364224,197.90045184,566.38697024,714.29694336,566.902336,"Lower"
"USF20",2025-07-07,18,"mainstem",2.755,0.075,NA,0.26,14.5,0.98,0.91,2.395,0.795,1.635,5.11,93.53593429,10.39,3.3,19141915,2651.27734375,3197.32970971598,22.4386318922464,190.326388538566,878.11255730523,257.69149896895,7.01519507175,NA,24.3193429154,1.356271047205,91.6652156042,85.1177002039,224.01856262455,74.36106776055,152.93125256415,477.9686242219,971.8383572731,308.668583157,"Lower"
"USF22",2025-07-07,18,"tributary",5.65,0.0025,NA,0.15,10.64,1.71,2.05,5.27,1.23,2.97,7.89,0.498454508,23.7,10.3,685111.6,2692.62109375,3013.30642167898,24.1139240506329,131.36005625879,758.648742675781,2.8162679702,0.00124613627,NA,0.0747681762,0.00530355596512,0.85235720868,1.0218317414,2.62685525716,0.61309904484,1.48040988876,3.93280606812,11.8133718396,5.1340814324,"Lower"
"USF23",2025-07-07,18,"tributary",4.57,0.41,NA,0.62,4.88,1.21,1.78,3.64,1.06,2.25,5.41,3.328176621,7.51,2.5,1428947,2690.494140625,3086.79092391655,25.0703177822853,147.104124408384,777.821140834263,15.20976715797,1.36455241461,NA,2.06346950502,0.01624150191048,4.02709371141,5.92415438538,12.11456290044,3.52786721826,7.48839739725,18.00543551961,24.99460642371,8.3204415525,"Lower"
"USF24",2025-07-07,18,"tributary",4.48,0.05,NA,0.2,7.44,1.29,1.4,2.55,0.7,1.71,5.56,2.149985982,10.96,5.1,1484873,2435.66015625,2787.18243372501,28.3868232224397,238.981082844097,674.086995442708,9.63193719936,0.1074992991,NA,0.4299971964,0.01599589570608,2.77348191678,3.0099803748,5.4824642541,1.5049901874,3.67647602922,11.95392205992,23.56384636272,10.9649285082,"Lower"
"USF25",2025-07-07,18,"tributary",3.1,0.02,NA,0.13,12.18,1.14,1.54,3.85,0.57,2.98,7.54,0.581883593,19.19,4.3,1144825,2462.53588867188,2740.84506376351,26.82910321489,244.672588832487,664.988006591797,1.8038391383,0.01163767186,NA,0.07564486709,0.00708734216274,0.66334729602,0.89610073322,2.24025183305,0.33167364801,1.73401310714,4.38740229122,11.16634614967,2.5020994499,"Lower"
"USF26",2025-07-07,18,"tributary",3.12,0.0025,NA,0.1,5.25,2.13,1.89,5.73,0.31,3.21,8.02,0.366417847,13.77,1.8,429695.9,2509.60693359375,2742.38028022268,23.8561797752809,260.638202247191,664.60302734375,1.14322368264,0.0009160446175,NA,0.0366417847,0.00192369369675,0.78047001411,0.69252973083,2.09957426331,0.11358953257,1.17620128887,2.93867113294,5.04557375319,0.6595521246,"Lower"
"USF13",2025-07-08,18,"tributary",3.15,0.03,NA,0.18,13.17,1.12,0.43,1.73,0.21,0.57,1.29,NA,NA,NA,756190.5,3346.15185546875,3508.61338541349,21.2959183673469,124.625,1007.70300292969,NA,NA,NA,NA,NA,NA,NA,NA,NA,NA,NA,NA,NA,"Upper"
"USF14",2025-07-08,18,"mainstem",2.71,0.04,NA,0.185,5.93,0.975,0.49,1.705,0.215,0.655,2.045,15.89506062,2.71,1.1,2026488,3312.0263671875,3542.68702324341,20.1442857142857,214.863333333333,1013.8125,43.0756142802,0.6358024248,NA,2.9405862147,0.0942577094766,15.4976841045,7.7885797038,27.1010783571,3.4174380333,10.4112647061,32.5053989679,43.0756142802,17.484566682,"Upper"
"USF15",2025-07-08,18,"mainstem",2.23,0.02,NA,0.16,6.18,0.89,0.325,1.105,0.2,0.48,4.09,2.298301588,11.64,5,848920.2,3397.44995117188,3583.19656563842,22.3943181818182,175.984090909091,1022.59750366211,5.12521254124,0.04596603176,NA,0.36772825408,0.01420350381384,2.04548841332,0.7469480161,2.53962325474,0.4596603176,1.10318476224,9.40005349492,26.75223048432,11.49150794,"Upper"
"USF16",2025-07-08,18,"tributary",2.4,0.03,NA,0.18,6.61,0.51,0.44,1.25,0.46,0.78,2.53,7.665133575,2.32,0.9,387371.4,3391.83813476562,3535.44025880651,17.3737623762376,225.618811881188,1002.35198974609,18.39632058,0.22995400725,NA,1.3797240435,0.05066653293075,3.90921812325,3.372658773,9.58141696875,3.5259614445,5.9788041885,19.39278794475,17.783109894,6.8986202175,"Upper"
"USF17",2025-07-08,18,"tributary",1.89,0.0025,NA,0.13,31.16,1.39,0.67,2.16,0.51,1.01,3.64,0.630166848,6.96,1.8,219441.8,3363.90771484375,0,0,0,0,1.19101534272,0.00157541712,NA,0.08192169024,0.01963599898368,0.87593191872,0.42221178816,1.36116039168,0.32138509248,0.63646851648,2.29380732672,4.38596126208,1.1343003264,"Upper"
"USF18",2025-07-08,18,"tributary",2.83,0.0025,NA,0.13,11.78,0.69,0.68,1.6,0.49,1.08,4.11,2.173332637,2.63,0.6,114357,3378.46337890625,3498.18632717918,20.3162393162393,249.153846153846,1002.35198974609,6.15053136271,0.0054333315925,NA,0.28253324281,0.02560185846386,1.49959951953,1.47786619316,3.4773322192,1.06493299213,2.34719924796,8.93239713807,5.71586483531,1.3039995822,"Upper"
"USF19",2025-07-08,18,"mainstem",1.28,0.115,NA,0.25,11.275,1.04,0.335,1.41,0.41,0.605,3.19,1.474643253,9.38,4.6,118050.3,3528.0107421875,3611.40366062396,23.2380952380952,182.428571428571,1022.36499023438,1.88754336384,0.169583974095,NA,0.36866081325,0.016626602677575,1.53362898312,0.494005489755,2.07924698673,0.60460373373,0.892159168065,4.70411197707,13.83215371314,6.7833589638,"Upper"
"USF21",2025-07-08,18,"mainstem",2.785,0.02,NA,0.15,10.87,1.09,0.485,1.42,0.28,0.8,3.02,22.02640852,9.44,2.5,2818745,3305.72265625,3530.71396761165,20.2822884549503,190.028434395341,1013.8125,61.3435477282,0.4405281704,NA,3.303961278,0.2394270606124,24.0087852868,10.6828081322,31.2775000984,6.1673943856,17.621126816,66.5197537304,207.9292964288,55.0660213,"Upper"
"USF28",2025-07-08,18,"tributary",3.24,0.0025,NA,0.12,5.22,0.9,0.59,1.55,0.33,1,3.5,NA,18.94,4.9,56663.36,3335.6884765625,3489.36516627052,21.9310344827586,275.396551724138,960.5419921875,NA,NA,NA,NA,NA,NA,NA,NA,NA,NA,NA,NA,NA,"Upper"
"USF29",2025-07-08,18,"tributary",2.11,0.05,NA,0.21,9.91,0.57,0.7,1.93,0.54,1.21,4.47,1.280879022,2.64,0.9,71086.77,3368.57275390625,3576.72503219367,22.36,277.306666666667,1002.35198974609,2.70265473642,0.0640439511,NA,0.26898459462,0.01269351110802,0.73010104254,0.8966153154,2.47209651246,0.69167467188,1.54986361662,5.72552922834,3.38152061808,1.1527911198,"Upper"
"USF31",2025-07-08,18,"tributary",2.25,0.08,NA,0.22,6.64,1.19,0.38,1.4,0.47,0.82,2.46,NA,0.79,1.7,252856.1,3473.861328125,3563.78565764366,22.3257575757576,122.280303030303,984.632995605469,NA,NA,NA,NA,NA,NA,NA,NA,NA,NA,NA,NA,NA,"Upper"
